PC1;PC2;PC3;PC4;PC5;PC6;PC7;PC8;PC9;PC10;PC11;PC12;PC13;PC14;PC15;images;sample;geo;spec;im
20427.2466087929;-7883.11283433973;3818.4873298538;-5932.5793984504;2002.39169432403;6177.76190566826;-861.243570449738;102.979483587224;-3469.2540165544;-3165.16779084388;2091.40512589384;-961.250488150935;-1732.11477538468;-394.063830252422;1880.04408832565;"PL17_139pueflo-l1-s4-f4-c2-d1.png";"PL17_139pueflo";"flo";"pue";"PL17_139pueflo-l1-s4-f4-c2-d1"
3829.13722025457;4300.68223063283;-7075.71270759579;-5732.27658021708;3598.72413179939;-2450.3445055889;755.053636192468;-2342.48375101382;-215.101551953617;402.584351237448;-352.765891928967;-1802.86361833752;-53.2665267099727;1383.70811756899;779.911769533068;"PL17_160pueflo-l1-s4-f4-c2-d1.png";"PL17_160pueflo";"flo";"pue";"PL17_160pueflo-l1-s4-f4-c2-d1"
-10820.7164026877;-8933.24254753659;46.0982354404384;-7396.03694758953;6081.74262722072;-1667.49332471772;1241.84101993918;-4732.44176621849;-21.0462041588219;-1133.12150741363;-763.962486873318;-1832.50181979325;-1402.19576473998;1130.55659282413;71.727111442412;"PL17_157pueflo-l1-s4-f4-c2-d1.png";"PL17_157pueflo";"flo";"pue";"PL17_157pueflo-l1-s4-f4-c2-d1"
35547.3029781507;-559.597181161924;-5712.58460588622;6607.44397880396;-11111.4084178807;493.286663728938;8733.87829242733;-1135.50756354146;-685.159758364149;2088.46643544236;2082.97501544416;136.666867045216;-349.110283194402;943.315857784421;3303.24888946417;"PL17_74unipor-l1-s3-f3-c2-d1.png";"PL17_74unipor";"por";"uni";"PL17_74unipor-l1-s3-f3-c2-d1"
46456.5834077482;10738.3008958577;-19804.1814634624;433.200401784538;-351.508822314475;802.375760364146;-5591.31687586832;7041.01223465069;-1514.43395832475;2014.12732256313;-3285.91075933847;-301.434275686628;-827.12698454133;5076.92547364759;3125.60506179712;"PL17_04pueboc-l1-s2-f1-c2-d0.png";"PL17_04pueboc";"boc";"pue";"PL17_04pueboc-l1-s2-f1-c2-d0"
29537.6605555244;-6902.16532021428;-7344.31147183753;-4506.49796140846;4391.46767420654;2643.78166798322;2493.82136031189;-2530.51000748837;-3371.39868738471;-87.8573902637004;357.598671922563;1663.01890823802;2344.17554974668;-1515.06885640935;-551.899656881005;"PL17_110puebel-l1-s4-f4-c2-d1.png";"PL17_110puebel";"bel";"pue";"PL17_110puebel-l1-s4-f4-c2-d1"
21993.166525544;-25663.9197261084;8600.29536654224;-2622.57354967214;4243.82421175494;-15273.8036146746;5847.4768660887;-424.937814403116;-1117.40047623162;-307.19555304694;-1082.35051626614;-5203.24542372557;-1428.80524871267;1611.32835932563;-2477.03653962404;"PL17_70unipor-l1-s3-f3-c2-d1.png";"PL17_70unipor";"por";"uni";"PL17_70unipor-l1-s3-f3-c2-d1"
-29044.558060186;-2738.59793492839;989.803229939358;5322.84404766037;66.9132471943092;2898.00071149711;-558.496211928305;-1138.77208784366;-583.740135245895;43.7558023105214;-444.371924449293;685.542534828627;192.235375836414;503.862015836274;360.02052955586;"PL17_123maybel-l1-s4-f4-c2-d1.png";"PL17_123maybel";"bel";"may";"PL17_123maybel-l1-s4-f4-c2-d1"
-25392.9722559893;114.878333096865;-795.473391142308;-4443.83085811238;-3118.84270847336;2097.58742941001;-859.538906553487;-572.068946190499;1581.42441715427;-860.050990020958;-959.950165881694;165.237905641941;-878.243615342795;-57.0667260349736;483.105103134372;"28394nigboc-l1-s1-f1-c2-d0.png";"28394nigboc";"boc";"nig";"28394nigboc-l1-s1-f1-c2-d0"
-1001.44736157802;10596.5586273738;7368.32062933099;-976.733128405341;2206.68005414683;-8561.2764814126;2025.95326828808;-1034.11360438787;-1234.0018891457;4498.49818569239;-1859.6412186159;2612.15078261145;-1543.63333416725;-57.1550204889789;-1814.81699556538;"PL17_39chlpor-l1-s3-f3-c2-d1.png";"PL17_39chlpor";"por";"chl";"PL17_39chlpor-l1-s3-f3-c2-d1"
-17216.5215554667;-6185.84420056325;-2784.69246698503;-3788.12768726627;-2264.53868809637;-241.793248301478;-2220.0947475071;2416.29610955842;1015.97688381137;397.112383267325;-1383.59066442756;-378.621487524393;-1281.06711782409;502.557354019712;-943.05573232312;"PL17_093nigbel-l1-s4-f4-c2-d1.png";"PL17_093nigbel";"bel";"nig";"PL17_093nigbel-l1-s4-f4-c2-d1"
-22451.925773875;-3155.12230741175;-1312.53171273774;-2254.27419697827;-2289.25668344998;2580.44242493206;-1556.20787586949;926.733262774311;771.76841829957;-41.3274781226397;-626.038718566385;41.0173228029764;-1211.73566402176;569.851199212196;-307.804516627389;"PL17_112nigbel-l1-s4-f4-c2-d1.png";"PL17_112nigbel";"bel";"nig";"PL17_112nigbel-l1-s4-f4-c2-d1"
-2713.51480120955;7251.83381847224;3465.03789799926;-6442.63420743268;-3609.30773861346;5645.345766019;-206.982963353357;4826.2907125587;-6673.59202756973;-1619.71238836545;-1278.62028868116;152.518993589946;148.42318785644;-119.222184857354;-547.572026606142;"28366gumboc-l1-s2-f1-c2-d1.png";"28366gumboc";"boc";"gum";"28366gumboc-l1-s2-f1-c2-d1"
-705.896470925865;-18443.6500887815;5582.30121840144;-8522.01223615732;-1409.67737504234;-8475.25443590819;259.301571587053;-1714.42244490434;-694.131737340876;1107.82135762206;2703.89370252846;663.177901797089;-544.102067395542;-49.9677145682893;2370.34276186326;"PL17_141uniflo-l1-s4-f4-c2-d1.png";"PL17_141uniflo";"flo";"uni";"PL17_141uniflo-l1-s4-f4-c2-d1"
4129.57356822858;25635.9574125185;1883.66258330277;1860.84794592394;-3019.66546955196;-6571.13055888728;353.107359332774;-3812.49622556663;3011.73593650069;-270.225336636913;1947.64248430829;-56.0338452229912;649.588446599667;1476.40462026264;-3149.964904565;"PL17_62puepor-l1-s3-f3-c2-d1.png";"PL17_62puepor";"por";"pue";"PL17_62puepor-l1-s3-f3-c2-d1"
-22260.6997282667;-2719.5086371683;-1976.36085046029;-4106.97100103113;-2724.13085289246;2504.36081989332;-1776.20622885727;2390.92084922605;-108.187526179909;-517.532882665183;-1888.64164228137;-789.14314623682;-784.239740674485;678.410489663145;-792.753447602365;"PL17_108nigbel-l1-s4-f4-c2-d1.png";"PL17_108nigbel";"bel";"nig";"PL17_108nigbel-l1-s4-f4-c2-d1"
13435.2354819283;-1785.14012647067;5465.63710250212;-1989.43436923928;-4408.9104051693;-4173.07536476453;-2717.29443937657;467.768291812389;898.547074355426;-5794.49059585745;2117.18864569304;-2548.52911168741;78.9853278554981;39.2335131667041;-1714.17751554244;"PL17_66unipor-l1-s3-f3-c2-d1.png";"PL17_66unipor";"por";"uni";"PL17_66unipor-l1-s3-f3-c2-d1"
-118.961180345399;11094.0847814596;14582.3316555379;-7909.88988810838;-1014.37558763685;-9060.18571531591;4636.09509690796;6724.77456307915;-10015.8956805678;-1223.78929519854;2904.42170029317;-1222.53939332641;-4988.96962002168;-1608.57130214625;-2202.70571104049;"PL17_68gutpor-l1-s3-f3-c2-d1.png";"PL17_68gutpor";"por";"gut";"PL17_68gutpor-l1-s3-f3-c2-d1"
28311.4599403099;8139.54368759455;11875.0283021894;1536.79072355727;-7205.60274588096;2388.61253304884;1235.56879499294;-1597.24093003353;1193.82960855177;-5708.83569625024;4003.30526939465;-1959.52663565169;-1070.21443049041;940.75839220169;-1397.84395628747;"PL17_55unipor-l1-s3-f3-c2-d1.png";"PL17_55unipor";"por";"uni";"PL17_55unipor-l1-s3-f3-c2-d1"
-21056.3052033861;-7979.39492849627;3608.58465807517;6002.67195602885;316.88793013593;371.424223460272;-445.580506780661;-982.691250034789;45.1491157571544;459.522922306185;-131.598984811808;1299.57587988783;635.958575853026;1148.08744713353;-240.997374953384;"PL17_148gemflo-l1-s4-f4-c2-d1.png";"PL17_148gemflo";"flo";"gem";"PL17_148gemflo-l1-s4-f4-c2-d1"
17286.3095724752;-18256.0149008183;-9295.6292480491;-2215.86261286069;-10173.7046785324;4468.73341265607;3310.17028485594;-1143.7119179476;1873.12602354123;901.289024110627;673.950672643805;-1353.14779906151;950.604237378444;-2705.00182450605;-1452.8589065835;"PL17_135uniflo-l1-s4-f4-c2-d1.png";"PL17_135uniflo";"flo";"uni";"PL17_135uniflo-l1-s4-f4-c2-d1"
-25381.569904564;-1064.54023324498;770.649521649209;-5170.51031082983;-2273.80337491332;1745.14536697161;-639.331209742586;-865.678774046715;785.705498129795;567.894830408677;3.81320791200398;923.12682543166;-859.079807121147;774.487776930572;-163.293121244179;"28386nigboc-l1-s1-f1-c2-d0.png";"28386nigboc";"boc";"nig";"28386nigboc-l1-s1-f1-c2-d0"
-20445.9959351374;1284.14077240128;4774.56837476761;-4384.38822029089;2302.95267439949;1162.76859161811;2013.50918064411;1404.03154010067;2441.27782469597;1248.01232874497;-31.5424364893428;310.453104337354;92.0194240896672;287.527639024514;1218.76861542522;"PL17_85indpor-l1-s3-f4-c2-d1.png";"PL17_85indpor";"por";"ind";"PL17_85indpor-l1-s3-f4-c2-d1"
-23913.1004605213;-4840.86684761154;5861.55119944633;2258.6456218174;1213.55899224106;2388.3764357919;368.188267325777;161.056475646423;114.357883526773;545.848293007557;238.65346423942;1468.95943475083;933.423607906194;1278.63204865235;333.310331168158;"PL17_144gemflo-l1-s4-f4-c2-d1.png";"PL17_144gemflo";"flo";"gem";"PL17_144gemflo-l1-s4-f4-c2-d1"
-11741.9260009712;23929.1726036651;-2862.66743785952;-1404.89006327771;-5259.22650197222;-7471.6256408306;-918.645743355101;-1889.80932185106;10.6199781942053;-1383.21843490558;-590.565274080691;1113.95678442338;2451.44632393927;-2982.52446615893;1884.1145219543;"PL17_41chlpor-l1-s3-f3-c2-d1.png";"PL17_41chlpor";"por";"chl";"PL17_41chlpor-l1-s3-f3-c2-d1"
-3734.57964289802;-2588.66966117917;-3666.12862530803;-3479.32551773677;-1125.42602762156;-1908.35453563194;-4.03029975222944;1021.28692243209;-224.645168521898;-843.815880521037;-645.71569411517;-1171.81915135845;357.254250329795;1278.35924631679;-1977.50129949208;"PL17_104nigbel-l1-s4-f4-c2-d1.png";"PL17_104nigbel";"bel";"nig";"PL17_104nigbel-l1-s4-f4-c2-d1"
27435.6281142875;-12914.6013333627;-15761.9023390014;545.309683647282;-10371.2543192504;2594.01229294933;3421.57369709795;-286.737717677917;1027.09663005031;1889.97925597337;-1212.14717843628;-1264.79649016541;941.215360771148;-1779.64658728805;-2571.28451155864;"PL17_134uniflo-l1-s4-f4-c2-d1.png";"PL17_134uniflo";"flo";"uni";"PL17_134uniflo-l1-s4-f4-c2-d1"
1828.9531578411;-5231.64667117105;-10348.1751519415;3752.82726301161;8741.6524841973;-3759.90381708771;6354.53016829734;1898.18368704109;-547.889451728374;-2314.70542131936;-1741.91323840723;-28.3922713465208;-1410.60729469596;-1685.35489998204;-2212.52864188093;"PL17_098indbel-l1-s4-f4-c2-d1.png";"PL17_098indbel";"bel";"ind";"PL17_098indbel-l1-s4-f4-c2-d1"
-31200.9449268995;-2053.14923600024;632.611398437245;9462.93662822985;547.901105063604;2984.70547796231;-1266.14216526634;-1248.3721592946;-1755.21841503416;-707.934797651432;593.895662817206;-554.437184480721;74.0156130618286;-377.371929399615;842.030261867431;"PL17_095maybel-l16-s4-f4-c2-d1.png";"PL17_095maybel";"bel";"may";"PL17_095maybel-l16-s4-f4-c2-d1"
44195.6499473808;7492.84031369094;-6564.95051741902;4655.26819252012;-13304.2033181961;2965.95970012276;5316.22211077658;-362.663982554746;1346.19414462425;957.992284370931;6724.19796988696;-2097.34502686413;-2079.73307781018;1437.73690250965;-90.2032449729309;"PL17_63unipor-l1-s3-f3-c2-d1.png";"PL17_63unipor";"por";"uni";"PL17_63unipor-l1-s3-f3-c2-d1"
33926.081103232;-2129.00763366765;-24500.6852077678;-5186.93918199123;11620.4329580383;380.948537595353;-2240.67477296619;753.916057899803;-155.235919242046;-1365.55842867262;4655.75967195745;6581.30263013685;1209.9034376789;373.397403602272;-310.852445683662;"PL17_103puebel-l1-s4-f4-c2-d1.png";"PL17_103puebel";"bel";"pue";"PL17_103puebel-l1-s4-f4-c2-d1"
38745.1881803819;-15010.2332931944;24746.6152697134;-1905.93246784865;-1225.04167296285;-3647.53774124041;-5660.78756652023;-2259.79468546424;1163.79780485529;-3279.0550248584;2683.11596485848;337.23433505458;-4806.67160749247;1019.65282961357;-472.277431008161;"PL17_67unipor-l1-s3-f3-c2-d1.png";"PL17_67unipor";"por";"uni";"PL17_67unipor-l1-s3-f3-c2-d1"
29558.7541202479;-9997.18822194206;-7568.1537646475;-4383.93973778584;5716.15654462461;4065.87050067841;1014.2353955792;-502.833773904116;-3767.10345910935;-3895.83143790528;2412.65285137182;4817.25560537042;1994.79368241854;79.8878490858506;-1568.63502946382;"PL17_107puebel-l1-s4-f4-c2-d1.png";"PL17_107puebel";"bel";"pue";"PL17_107puebel-l1-s4-f4-c2-d1"
886.624730843253;-2561.75968486658;-1500.20674855223;7358.18690744428;9623.85807882432;2275.9063796385;6319.26767395388;2589.19079252336;2719.90591783483;-461.49248445843;-3351.80503694878;-1646.73606864885;65.7580446632792;-340.806645196789;-647.244992365888;"PL17_111indbel-l1-s4-f4-c2-d1.png";"PL17_111indbel";"bel";"ind";"PL17_111indbel-l1-s4-f4-c2-d1"
-11170.5990807052;12743.6441181502;-48.2954842995703;-3335.3945163445;-3257.22932847109;-7216.38196436456;-1783.0657735913;-778.875587643473;-340.005983872483;130.616585046999;-1324.71388383212;1836.47788609717;879.310433595835;-3753.45832941141;814.396582087571;"PL17_40chlpor-l1-s3-f3-c2-d1.png";"PL17_40chlpor";"por";"chl";"PL17_40chlpor-l1-s3-f3-c2-d1"
-21832.6248542817;-5950.53001381301;1050.88476552583;8985.74902143229;482.064069574249;1593.3275410661;-697.845080870465;-1380.03807010848;-1141.77504162962;574.490428305947;993.375650807406;305.738420815411;-262.310423181621;544.458213195647;411.934407965135;"PL17_145gemflo-l1-s4-f4-c2-d1.png";"PL17_145gemflo";"flo";"gem";"PL17_145gemflo-l1-s4-f4-c2-d1"
60997.9278085025;-4033.92618471236;12342.1729394248;9451.06380944656;-8099.01876366626;-4437.88892531947;-5383.45949447897;-2075.51427584281;2708.05828797621;-341.085017957006;-6662.59100375665;5735.71724417637;699.262103316837;-123.454024549901;1070.54734633478;"PL17_01uniboc-l1-s2-f1-c2-d0.png";"PL17_01uniboc";"boc";"uni";"PL17_01uniboc-l1-s2-f1-c2-d0"
-22124.902628213;7883.41545835209;-510.960043150823;-4205.4694221919;-3529.10133270314;-232.092737449461;267.955820052129;-981.066123241053;599.930853426757;-79.2910846113884;-234.333176431278;441.529815320329;-53.2041051511551;-903.002474440789;-42.6450776004201;"PL17_44chlpor-l1-s3-f3-c2-d1.png";"PL17_44chlpor";"por";"chl";"PL17_44chlpor-l1-s3-f3-c2-d1"
-22139.0686129914;-6159.54433932723;-4635.74288943069;18362.4447182172;272.002629902604;474.888284772877;-3759.6098683187;819.899670474139;-4103.79566499781;-569.748333162467;2932.57754098052;-2631.66147556129;-1191.02385027937;-3300.04846884089;2340.73058169103;"PL17_122maybel-l1-s4-f4-c2-d1.png";"PL17_122maybel";"bel";"may";"PL17_122maybel-l1-s4-f4-c2-d1"
-29295.0759483876;-1128.93696780755;146.867631508213;-5963.62925928037;-2389.82808589437;4296.53564760053;611.167687637005;-785.041757986024;267.722186091048;18.0843378620934;-623.616116776951;235.864035111498;-359.148325925276;625.887521968613;41.1533086515452;"28399nigboc-l1-s1-f1-c2-d0.png";"28399nigboc";"boc";"nig";"28399nigboc-l1-s1-f1-c2-d0"
16924.3811644834;-4137.07992304814;1058.28320768221;-5041.66358704314;7259.38640372763;10796.9569821304;-524.896525420664;-462.819571434249;-1913.82626721983;995.84839683222;-1768.821145925;-2797.31528201275;-1384.21813275993;1439.03573439866;-692.364435261843;"PL17_090puebel-l1-s4-f4-c2-d1.png";"PL17_090puebel";"bel";"pue";"PL17_090puebel-l1-s4-f4-c2-d1"
-8786.51314341384;13400.1558943593;4799.84482598021;-1189.16767923363;1611.39723909325;-4141.63327435987;2348.36420344786;-1316.64359760092;-159.466920306356;3253.52689564671;-256.506759248439;967.956433502314;-422.29966271093;275.120795130808;-3036.29695313241;"PL17_86chlpor-l1-s3-f4-c2-d1.png";"PL17_86chlpor";"por";"chl";"PL17_86chlpor-l1-s3-f4-c2-d1"
35689.6664289022;8980.72430928102;-17736.7360802013;-138.072213206904;5150.92869110302;-3357.58697384291;-7087.98460268102;6672.25439421352;-1124.23313370241;-1751.54091738443;-2148.33792949525;-965.638099065714;-2233.74002543237;2165.70720350128;3902.24707223238;"PL17_05pueboc-l1-s2-f1-c2-d0.png";"PL17_05pueboc";"boc";"pue";"PL17_05pueboc-l1-s2-f1-c2-d0"
-21929.9161787266;-5751.57742181604;-1134.16278187554;12663.8293338426;1670.59205755248;-1606.21785877643;-1821.9619079835;-437.052252836404;-324.11755258872;452.637884289987;-1826.99346345296;550.097539441883;831.369790871563;1324.43540178203;-1157.97414789977;"PL17_126maybel-l1-s4-f4-c2-d1.png";"PL17_126maybel";"bel";"may";"PL17_126maybel-l1-s4-f4-c2-d1"
13457.0211582482;-1444.46124339834;-7726.5425133338;-4386.52834404967;864.569944208978;7134.24752481551;-760.953787172275;882.273529438754;-3890.01134724962;-447.046275177793;-492.587214706583;230.368103278499;2256.71686236684;333.856163395648;276.728548213863;"PL17_094puebel-l1-s4-f4-c2-d1.png";"PL17_094puebel";"bel";"pue";"PL17_094puebel-l1-s4-f4-c2-d1"
437.593607372586;3801.06898415937;3379.52492514245;-5590.54962184894;-261.240953521209;7758.9088309287;-2361.72992449538;-32.8483216340777;-1212.77338603633;131.397839883075;489.152818932014;464.801757066066;-351.613729420828;-706.795899400076;1042.7115328742;"AG9RX48pueboc-l1-s1-f1-c2-d0.png";"AG9RX48pueboc";"boc";"pue";"AG9RX48pueboc-l1-s1-f1-c2-d0"
39377.9223258009;-3175.60910499876;-14231.6142461341;7285.35256016379;-12840.9741977818;-3391.70304435034;4030.9394918606;3087.07868448658;1935.42571605494;2797.86247510293;-828.357014588233;-355.878121430562;-1306.82433559661;-2007.20238620425;1326.45947589664;"28383uniboc-l1-s2-f1-c2-d0.png";"28383uniboc";"boc";"uni";"28383uniboc-l1-s2-f1-c2-d0"
1823.13162557352;-13167.4766875286;19705.0826279027;-3155.89134833284;6893.9632010243;-6764.55556725918;221.120934699431;6409.44810718161;-1248.15907172172;3143.98317402283;2382.83757374797;3111.78816971389;4854.248776208;1803.43977436985;1515.0347301171;"PL17_71tanpor-l1-s3-f3-c2-d1.png";"PL17_71tanpor";"por";"tan";"PL17_71tanpor-l1-s3-f3-c2-d1"
-19695.2329477697;-3620.24810251752;-2192.77527698678;-4799.32227339339;-2858.55996057364;2152.05355256326;-2649.95347752169;2851.42675195763;410.492146235861;211.829667018651;-1604.67930666568;-915.221767473288;-1105.51872563004;667.932007014164;-1481.68037945873;"PL17_096nigbel-l1-s4-f4-c2-d1.png";"PL17_096nigbel";"bel";"nig";"PL17_096nigbel-l1-s4-f4-c2-d1"
-24146.3296259994;-7113.07599731762;3166.89922758089;5259.67835343376;1054.99693180252;1728.31696752553;222.070605546299;-1131.56778910073;-1649.58889103891;269.690334415937;-252.030957808108;488.03001239488;574.12583202342;901.849489641777;297.84417474109;"PL17_153gemflo-l1-s4-f4-c2-d1.png";"PL17_153gemflo";"flo";"gem";"PL17_153gemflo-l1-s4-f4-c2-d1"
16759.0175738167;-10976.7752945488;-14143.8043187031;-2924.56195328672;-8419.72795865087;-1354.39208676203;3398.13836544247;-392.656117848673;1485.78780104716;2919.76341196674;1178.67337250718;300.893737138644;2317.56704610654;-2804.10819422811;15.1529498813705;"PL17_140uniflo-l1-s4-f4-c2-d1.png";"PL17_140uniflo";"flo";"uni";"PL17_140uniflo-l1-s4-f4-c2-d1"
-18882.5577251969;1236.65991905188;-3242.37945450553;18735.9751727272;274.165372042131;-1210.80466441793;-3309.37511658922;-311.669814925067;-1369.08904163276;-1102.15593318339;2236.51276792182;-1246.73803842519;351.971727230312;-335.116247247807;171.186901638294;"PL17_119maybel-l1-s4-f4-c2-d1.png";"PL17_119maybel";"bel";"may";"PL17_119maybel-l1-s4-f4-c2-d1"
-16879.0087250932;18919.4997327481;-288.520174838961;-2393.76896744473;-4522.29957489641;-4285.49311660694;507.030309682082;-1849.90262050924;-366.871187177457;-396.431774591305;-492.815359595234;311.571736842889;1773.44641915191;-1447.68303627335;525.05875558428;"PL17_38chlpor-l1-s3-f3-c2-d1.png";"PL17_38chlpor";"por";"chl";"PL17_38chlpor-l1-s3-f3-c2-d1"
-25275.7418308493;-2799.10237192477;1522.24678363098;-5486.96652817421;-2136.79076399724;2751.53541421727;-1307.57878025065;784.03542698169;1160.42876465868;262.348661621034;326.218247350001;540.478386702644;-97.1930858481721;217.065037114481;-289.333934574616;"28385nigboc-l1-s1-f1-c2-d0.png";"28385nigboc";"boc";"nig";"28385nigboc-l1-s1-f1-c2-d0"
3331.39641745965;269.990536499551;10995.978041178;-2560.77401274247;-4973.35133515873;3894.92581113802;-421.661729002506;-981.160204031909;1139.57535012087;-2403.07739413903;1107.11373470368;316.211018560157;-389.371182989037;-1274.61377711556;387.586313758126;"28391uniboc-l1-s1-f1-c2-d0.png";"28391uniboc";"boc";"uni";"28391uniboc-l1-s1-f1-c2-d0"
33132.4998934508;-10843.8503160928;-13632.6832406486;-7336.07477787365;9537.06185136242;-1455.89610282203;-6848.91161650583;-3030.7806732323;-1782.24669579685;-1036.3807753693;1497.36639982824;-306.993215479825;1636.05472023245;-3690.92448154566;-4128.58932104103;"PL17_109puebel-l1-s4-f4-c2-d1.png";"PL17_109puebel";"bel";"pue";"PL17_109puebel-l1-s4-f4-c2-d1"
-15626.52524464;13120.6041750967;-2099.38943167878;-2412.3704363782;-4374.84121517543;-4492.22594765642;-1369.26845655511;118.095373685919;-676.38300226278;-645.949458159653;-2020.04161473169;1367.52469063597;-929.222148950956;-3472.15790419617;664.506427431756;"PL17_42chlpor-l1-s3-f3-c2-d1.png";"PL17_42chlpor";"por";"chl";"PL17_42chlpor-l1-s3-f3-c2-d1"
5435.60421608663;197.810856876949;-12623.7210135105;2969.43535267961;-7419.56408491838;-9103.71145502725;-5492.7948054619;10883.2534401797;6526.1036886918;1831.73104402229;1539.29699769568;-3179.7977180681;1663.56447252432;-1298.60262400959;-4333.36888442231;"AG9RX50nigboc-l1-s2-f1-c2-d0.png";"AG9RX50nigboc";"boc";"nig";"AG9RX50nigboc-l1-s2-f1-c2-d0"
-32164.3690211934;-2035.39876376333;603.678849864836;9335.59092065825;634.510174910649;3411.08360473754;-962.667411867034;-1627.88283976299;-1748.96297844148;-748.426697811799;575.484359802965;-638.43711591244;-251.985205768158;-523.335747690384;921.994889689155;"PL17_095maybel-l14-s4-f4-c2-d1.png";"PL17_095maybel";"bel";"may";"PL17_095maybel-l14-s4-f4-c2-d1"
-13858.3536195263;-2655.89313211328;-6440.17809301112;25311.3677184086;928.353554414442;-1303.54199660039;-3243.58838429347;-656.911645198584;-3667.75802270314;760.297212000529;4332.14442099114;-1297.53215120127;-1210.59006119646;-3614.50453977068;1542.72746300554;"PL17_101maybel-l1-s4-f4-c2-d1.png";"PL17_101maybel";"bel";"may";"PL17_101maybel-l1-s4-f4-c2-d1"
-8591.60323883549;-4832.42694364907;-692.681665116884;-2354.29257051457;2770.10413018423;-10079.1158077092;-2822.72411540012;-2399.76057135241;3413.73666287225;-48.7908319951368;-417.42440862378;2053.74065424527;-3736.60418355479;423.028086376271;205.790873242329;"28387nigboc-l1-s2-f1-c2-d0.png";"28387nigboc";"boc";"nig";"28387nigboc-l1-s2-f1-c2-d0"
23364.1130058296;2029.74070530728;488.689509807429;-1239.6227152325;6553.17643262291;17952.2799242633;-6149.57991815161;-4516.44634622484;1770.13116708717;4747.19377510287;-5235.10041771656;-2889.15587981281;-968.769591811252;-3456.43809120459;-1743.52000598059;"PL17_105puebel-l1-s4-f4-c2-d1.png";"PL17_105puebel";"bel";"pue";"PL17_105puebel-l1-s4-f4-c2-d1"
-3553.31999630088;-7685.71937435549;-476.005812616916;-2769.67597524203;-5665.12924770473;181.524276803605;-1868.00443020643;-1725.39131164714;1738.0733133793;-2188.08064520204;-2014.28575136114;-282.007853308066;-1677.31087105529;-1425.9981952004;648.375569386925;"28377uniboc-l1-s1-f1-c2-d1.png";"28377uniboc";"boc";"uni";"28377uniboc-l1-s1-f1-c2-d1"
-19447.7396230466;4489.89259011368;-2462.68765838302;-2659.18446041027;-2959.62644479288;-1959.30808227703;-2322.04730606247;-1214.81508831932;4248.38844884304;-852.141116266874;1488.08885904634;-119.502055192598;2052.26704497495;2327.68105136814;1.86785875265308;"PL17_56tanpor-l1-s3-f3-c2-d1.png";"PL17_56tanpor";"por";"tan";"PL17_56tanpor-l1-s3-f3-c2-d1"
-8641.46807933703;3020.72068049387;-4961.62370053425;8238.51998520244;5133.32071877936;-704.060921035857;6054.78917818298;1646.31066054611;1509.97153956117;-2467.34014116455;-3397.60743171142;392.40168350254;-2115.09135772509;1042.75082309491;-3053.18570086484;"PL17_128indbel-l1-s4-f4-c2-d1.png";"PL17_128indbel";"bel";"ind";"PL17_128indbel-l1-s4-f4-c2-d1"
19182.6551575084;-18296.9594649272;-5326.81040079562;-4811.17981084939;-8114.59492387563;-749.92007623981;1613.58946021176;-1474.14396419979;1911.16609307471;4556.62336539391;1439.51050699444;2037.81121957459;-1345.2716115275;-1334.09295966039;2047.09628375196;"PL17_136uniflo-l1-s4-f4-c2-d1.png";"PL17_136uniflo";"flo";"uni";"PL17_136uniflo-l1-s4-f4-c2-d1"
9325.34805036699;13560.3065420031;-2196.37610560539;-1387.599284451;1394.79388129939;4325.11519690641;2104.85570244252;-3696.58480536336;739.396846923092;-1342.26552195114;1404.31061302471;-3428.74403095523;1184.019557779;2573.51112418607;-833.792767201766;"PL17_65puepor-l1-s3-f3-c2-d1.png";"PL17_65puepor";"por";"pue";"PL17_65puepor-l1-s3-f3-c2-d1"
1420.86058355853;-1275.25980791024;-4951.65352075742;4097.46658599237;9720.39399239367;-1237.00794516893;4191.4487993096;924.978055775154;3873.05288779393;-3770.85371568833;526.695243359504;2287.02491832605;-786.84248522671;-2144.88486045833;540.798181927151;"PL17_132indbel-l1-s4-f4-c2-d1.png";"PL17_132indbel";"bel";"ind";"PL17_132indbel-l1-s4-f4-c2-d1"
-27756.3572456322;-2077.33502652607;1042.26395920277;-5506.30854270514;-2318.43315348825;4225.07060355607;-122.259688937304;128.619462864358;593.026045797248;101.893881168843;-490.280316612494;394.175024798051;-704.922805749276;454.431899358948;-289.4343881394;"AG9RX46nigboc-l1-s2-f1-c2-d0.png";"AG9RX46nigboc";"boc";"nig";"AG9RX46nigboc-l1-s2-f1-c2-d0"
-28660.2637492005;-978.199522647576;1250.32702918801;7184.4599222596;-104.724174516704;3121.43390957453;-865.302258481139;-1103.21325610045;-256.341377674894;-6.17824730707888;-464.951424083852;-76.286898263436;-107.364430003821;999.313410177662;-504.921798565385;"PL17_124maybel-l1-s4-f4-c2-d1.png";"PL17_124maybel";"bel";"may";"PL17_124maybel-l1-s4-f4-c2-d1"
48173.3942601925;-2366.08151386887;14396.2211860686;6222.78851374912;-7890.52345220142;11471.4996506344;3165.08366149273;3560.48991023356;-3468.76050410726;1276.94182268495;-2622.77735562418;1752.14843285101;-913.758061717309;1229.3629823891;-561.085196717618;"PL17_77unipor-l1-s3-f3-c2-d1.png";"PL17_77unipor";"por";"uni";"PL17_77unipor-l1-s3-f3-c2-d1"
18483.6886672527;-4623.9550965634;-5725.08460041251;-5066.71131446976;5738.82823291579;6949.50769234931;-1760.25392639877;-1865.91709200108;-3306.07884909273;-170.377268927949;741.51957117487;824.950503955955;750.255630143668;-1784.34218320266;-274.534969901449;"PL17_117puebel-l1-s4-f4-c2-d1.png";"PL17_117puebel";"bel";"pue";"PL17_117puebel-l1-s4-f4-c2-d1"
29746.2859934959;12970.1443168944;15350.66808946;616.900084898898;7746.06864954454;7839.03547071523;-4133.21999014825;1634.503685659;3971.86814076936;6304.92497198815;5052.88761607424;-1937.24247065804;-45.9431676589413;-2068.70026876912;-1914.75307355831;"PL17_82puepor-l1-s3-f4-c2-d1.png";"PL17_82puepor";"por";"pue";"PL17_82puepor-l1-s3-f4-c2-d1"
29461.6065390988;12394.885051581;5596.1787791471;306.353069462671;10804.1606478813;9291.97433547936;2542.39456442229;-2934.85036325836;2200.02002143804;1429.07747925391;1354.91348670288;-5234.18487063589;2664.97541946077;-868.668287615327;289.768567333538;"PL17_69puepor-l1-s3-f3-c2-d1.png";"PL17_69puepor";"por";"pue";"PL17_69puepor-l1-s3-f3-c2-d1"
49873.3466828779;7008.54201043975;14397.8656415884;7279.89380042274;-11080.1606341067;10483.3594252008;4762.3690153656;-1163.80804121916;-3028.08247143665;-2288.2660558525;-6464.43215112793;453.339185601911;2496.62993028006;558.062287879426;1625.16892058657;"PL17_73unipor-l1-s3-f3-c2-d1.png";"PL17_73unipor";"por";"uni";"PL17_73unipor-l1-s3-f3-c2-d1"
-22371.4805839988;-2781.76209967482;501.374317467637;4621.17274940809;-712.200731728467;2564.13193790985;-153.049216349131;-716.901814877358;106.930686600265;446.747918963789;-434.139892423281;871.847816383322;670.199460305273;1027.04620640963;248.895696573576;"PL17_120maybel-l1-s4-f4-c2-d1.png";"PL17_120maybel";"bel";"may";"PL17_120maybel-l1-s4-f4-c2-d1"
-4065.87554097112;30408.6463055467;3172.93572931138;-2436.45862094388;-5193.02180255647;-8396.41731928968;1982.69761989865;-962.939748365167;-5539.44158844311;-244.084892147963;-1171.71869316236;137.657758915631;1549.78198556507;-2242.07092536525;-512.43090252553;"PL17_75abepor-l1-s3-f3-c2-d1.png";"PL17_75abepor";"por";"abe";"PL17_75abepor-l1-s3-f3-c2-d1"
-19302.7662796164;1683.50311524772;1083.26223115076;-3823.82249890889;-1594.09762824551;694.307492874401;-887.136818024127;1103.98381593052;2711.08578024424;100.058544416201;932.181025770148;561.341692563252;337.918030268067;272.636380484748;62.557482110411;"AG9RX49nigboc-l1-s1-f1-c2-d0.png";"AG9RX49nigboc";"boc";"nig";"AG9RX49nigboc-l1-s1-f1-c2-d0"
-1316.06903000483;-3191.26610603962;-9776.31443712678;-7016.0453194963;2026.11493444987;4627.78328483588;495.329595191653;388.916055959749;187.892291678731;-2085.09115387766;1709.51822869174;1468.1344177669;-2153.04299947821;3008.19636301473;454.008619304055;"PL17_159pueflo-l1-s4-f4-c2-d1.png";"PL17_159pueflo";"flo";"pue";"PL17_159pueflo-l1-s4-f4-c2-d1"
-9726.60332103608;-1158.18646479768;3758.16926456838;-5523.44067789457;-2702.79679444737;-1143.07663793983;-962.588562968211;3109.21261835049;-1726.85013186782;150.358552795823;608.051986267958;-481.506690974056;548.047539378903;4.61768523984892;1207.44682513437;"28389abeboc-l1-s1-f1-c2-d0.png";"28389abeboc";"boc";"abe";"28389abeboc-l1-s1-f1-c2-d0"
1242.13889462098;-17048.8812648581;2458.53925569347;-6304.75759155005;-2869.23702162737;-6414.79791977848;2087.62399106963;-4345.51159131388;-501.098524202958;2041.05631289407;345.859764401139;311.804853010381;708.373667496122;669.595474710917;1555.82516667279;"PL17_143uniflo-l1-s4-f4-c2-d1.png";"PL17_143uniflo";"flo";"uni";"PL17_143uniflo-l1-s4-f4-c2-d1"
-18947.6346089774;-1642.14409304407;871.653727257187;-2732.91430455075;5676.1902103582;2278.05624548152;4759.94323400652;1729.3366770045;2634.07261152519;-1039.1292663821;-68.0644652884798;-912.93448750489;183.066017924971;1151.43372992987;1344.6564163928;"PL17_100indbel-l1-s4-f4-c2-d1.png";"PL17_100indbel";"bel";"ind";"PL17_100indbel-l1-s4-f4-c2-d1"
25005.6182114455;2883.39849760534;8900.8760504469;-2540.54821925477;13743.6492742565;-10433.8319243885;-199.827570638192;-2425.05026579742;-1582.79930372719;8622.68749440457;-1633.52177080765;-89.5229438130538;-3533.93110749948;-2011.04923577768;647.112209753212;"PL17_57puepor-l1-s3-f3-c2-d1.png";"PL17_57puepor";"por";"pue";"PL17_57puepor-l1-s3-f3-c2-d1"
26245.3059154405;20710.6108421728;-7431.52675734701;738.929834714823;6680.71443850991;5228.07092277741;315.169426648214;-3408.54124693152;-1024.24042400899;3441.04834440513;2093.80655148572;1798.16401475725;-2088.29168436817;5175.1529905217;126.227738016255;"PL17_60puepor-l1-s3-f3-c2-d1.png";"PL17_60puepor";"por";"pue";"PL17_60puepor-l1-s3-f3-c2-d1"
-24290.2439036403;-3202.05434295998;-2310.30496629662;-3842.56026615336;-2665.63414370738;3080.0793702414;-1118.63838259509;1338.25050787524;91.4546747133691;-332.904223170545;-1237.59764269267;-915.138344154776;-711.243465816998;703.222985423695;-566.835301201135;"PL17_091nigbel-l1-s4-f4-c2-d1.png";"PL17_091nigbel";"bel";"nig";"PL17_091nigbel-l1-s4-f4-c2-d1"
18273.5591030574;25581.8557492905;-1945.83326456968;2619.16722526924;2984.55928981409;-2810.57937483643;1163.98929800065;-1103.13915105525;609.70636590691;1728.07430888815;-236.730677344817;1911.64639691978;-2529.33576395744;1495.02264693096;-2023.72169061776;"PL17_53puepor-l1-s3-f3-c2-d1.png";"PL17_53puepor";"por";"pue";"PL17_53puepor-l1-s3-f3-c2-d1"
-15227.7509373351;-2890.4045736584;862.676532435133;-2741.61500563993;-1091.76356706913;-789.201803506356;-512.537958419977;1996.40046015875;1749.99378076317;1262.50516337758;609.08511692814;674.589461798418;1359.74067492792;165.971322411965;376.892047856826;"28390nigboc-l1-s2-f1-c2-d0.png";"28390nigboc";"boc";"nig";"28390nigboc-l1-s2-f1-c2-d0"
-24852.4327043733;-2261.38782866375;1343.67443896711;-5025.36654571953;-2294.52281469355;3791.06970008627;25.7747802440724;272.865832915594;971.958933756874;-8.69351302802208;71.9721533275283;-140.592227074064;993.927075036332;956.058625414241;-25.4587109049581;"PL17_23nigpor-l1-s1-f3-c2-d1.png";"PL17_23nigpor";"por";"nig";"PL17_23nigpor-l1-s1-f3-c2-d1"
-25020.7146654603;-542.424192700635;733.262838716454;13094.729260161;1081.30320742193;1988.46752027187;-1166.90073786658;-1389.55763339688;-1053.22023204877;139.725861926033;966.190729591157;369.205068456866;-68.1193496122831;1309.64921683247;-164.318384829666;"PL17_121maybel-l1-s4-f4-c2-d1.png";"PL17_121maybel";"bel";"may";"PL17_121maybel-l1-s4-f4-c2-d1"
-23525.0369714908;8838.04051905487;1.90086709995074;-4631.58604083512;-3715.7376114152;-145.280921920879;232.192814145809;-1303.68188142614;220.780259510098;-442.8670590301;-510.116969449332;47.0675019219062;734.235893641176;-881.5839379027;57.9896535363177;"PL17_37chlpor-l1-s3-f3-c2-d1.png";"PL17_37chlpor";"por";"chl";"PL17_37chlpor-l1-s3-f3-c2-d1"
-9508.5928861422;13955.9321178831;-433.106058405652;-986.862052612517;-2445.78779500888;-1981.86418442719;1665.61220181438;-628.365572806962;2167.78771528002;208.157731347875;4969.07431370609;187.987935825507;4047.45394740361;4420.7876401809;789.145300024299;"PL17_76tanpor-l1-s3-f3-c2-d1.png";"PL17_76tanpor";"por";"tan";"PL17_76tanpor-l1-s3-f3-c2-d1"
-9340.85347281718;-3530.69517392214;10016.1630040462;-9169.27845815545;3039.09443050488;-4797.47817213855;146.003539821381;3391.92363170948;-4241.52745576964;770.643038865403;72.9327965788472;-3736.44602014702;2931.35996465078;-1559.53788853168;4709.33220718289;"PL17_79abepor-l1-s3-f3-c2-d1.png";"PL17_79abepor";"por";"abe";"PL17_79abepor-l1-s3-f3-c2-d1"
11846.8450748443;6148.1228250638;-10288.3014632753;-786.85652423905;10524.0167630055;-1786.87058093852;3907.42094670813;-611.63823923171;-1672.53682661112;-7048.1849340286;-133.727068882827;2020.29379677238;214.871664922844;-2432.35113757821;66.1428382876328;"PL17_155pueflo-l1-s4-f4-c2-d1.png";"PL17_155pueflo";"flo";"pue";"PL17_155pueflo-l1-s4-f4-c2-d1"
24696.4120448118;-2605.63796437407;22002.1554426649;796.130739905008;1684.85212195244;6082.53100790933;-3123.97744941064;4962.06122859466;-122.66382039572;-29.4856653773047;1538.80284854376;1257.54282640603;6802.66464411542;-1117.51626884679;-3589.90907932798;"PL17_72tanpor-l1-s3-f3-c2-d1.png";"PL17_72tanpor";"por";"tan";"PL17_72tanpor-l1-s3-f3-c2-d1"
12206.0631667168;-18927.5529409398;4318.32927897858;15760.3622188776;5407.61567059239;-10978.6302164739;-101.132195276402;-662.308704339707;-2709.75685312108;3192.29015109865;-469.285868953717;1056.23434271293;2202.34760922397;3537.43588679975;-1293.12845066742;"PL17_142gemflo-l1-s4-f4-c2-d1.png";"PL17_142gemflo";"flo";"gem";"PL17_142gemflo-l1-s4-f4-c2-d1"
-11713.6927105015;9932.43005407263;4069.39980737147;-2844.70630733275;-1846.42726271792;-3061.79522795963;-1031.83144424878;804.989343861988;762.699890284497;2786.69911358022;-152.292306254396;2532.08858722997;-187.861604481829;-1664.47659803934;-499.892881408108;"PL17_43chlpor-l1-s3-f3-c2-d1.png";"PL17_43chlpor";"por";"chl";"PL17_43chlpor-l1-s3-f3-c2-d1"
-28336.9969638349;-2747.03788566939;1484.20839425363;-6411.14236283809;-1939.50926890863;3959.14828226496;-6.30784857576361;371.467682922859;389.877311273302;551.232189746262;-465.859142574214;533.885566780228;-814.566439051436;328.915520101118;-290.538043152086;"PL17_087nigbel-l1-s4-f4-c2-d1.png";"PL17_087nigbel";"bel";"nig";"PL17_087nigbel-l1-s4-f4-c2-d1"
-21063.9246159433;-3361.71687995732;-3126.15410176935;-4314.26434498513;-3078.48188026862;2236.12638352474;-1620.31527165681;2517.26311024299;354.618087992026;-281.404604459736;-1062.95132664014;-826.956545659811;-1110.79941338367;1172.77553088104;-514.66832649964;"PL17_106nigbel-l1-s4-f4-c2-d1.png";"PL17_106nigbel";"bel";"nig";"PL17_106nigbel-l1-s4-f4-c2-d1"
7264.83639078938;10374.5957914622;-6681.12845954846;-2425.89042129545;5654.48447227673;-1541.37317973844;-957.513826884996;-279.783522045509;-8.6196443594288;2344.41166483742;593.097522186481;-3616.70001346683;-681.505527922495;-371.94680899229;3927.81609166828;"28384pueboc-l1-s2-f1-c2-d0.png";"28384pueboc";"boc";"pue";"28384pueboc-l1-s2-f1-c2-d0"
-13314.6421602291;360.084054539707;-714.480669435937;9218.42835436284;4573.30387848717;-651.535555014674;3208.54219370436;3169.1433872409;956.530188842629;-1607.03341938453;-4097.16675669046;559.301390852629;-1079.68248874124;-13.2708597554786;-3610.98113959207;"PL17_097indbel-l1-s4-f4-c2-d1.png";"PL17_097indbel";"bel";"ind";"PL17_097indbel-l1-s4-f4-c2-d1"
-9599.76409496866;-6736.52010715171;1446.1146660806;-5450.42499083938;-1588.53566538659;-1323.63676001319;794.531470507704;-914.885036791084;-719.625064104716;2079.85805731435;67.9573995439391;-289.018601646499;442.177701898463;1732.1879179323;-327.725243309596;"PL17_125tanbel-l1-s4-f4-c2-d1.png";"PL17_125tanbel";"bel";"tan";"PL17_125tanbel-l1-s4-f4-c2-d1"
-18066.4998432103;-121.957200719337;-2760.70654707557;15653.7725401692;122.657348560914;-301.472965493276;-660.220126822247;-1050.66382440945;-875.762967284011;887.433635747253;506.268330929986;781.42588732544;615.429292757166;867.943745150076;-329.335068975242;"PL17_089maybel-l1-s4-f4-c2-d1.png";"PL17_089maybel";"bel";"may";"PL17_089maybel-l1-s4-f4-c2-d1"
-31139.4207848506;-1971.74649862032;1120.71516656776;8363.67848843723;346.177446974985;3205.73069423666;-721.512952317541;-1083.07399529755;-1037.95818482957;-336.480353331904;79.8872741228807;-55.5240950861914;136.170924300049;258.507193561857;611.25463729228;"PL17_095maybel-l15-s4-f4-c2-d1.png";"PL17_095maybel";"bel";"may";"PL17_095maybel-l15-s4-f4-c2-d1"
-12032.6141280818;3736.59855395926;592.804690658121;-2060.50507603551;4311.2557162324;-2548.22757299014;2634.12277980402;-490.782937302134;4003.438383859;-2501.31443454428;-391.78199898649;323.855359712392;1196.75193456416;-800.720961287529;454.59672878985;"PL17_35indpor-l1-s3-f3-c2-d1.png";"PL17_35indpor";"por";"ind";"PL17_35indpor-l1-s3-f3-c2-d1"
-16963.892898241;3071.78283332552;-683.055718383108;-6071.77136214617;-903.675971382583;1755.9785445167;-928.297991702868;-1027.83454740849;10.4721867032826;-398.35098740762;-1539.86101611414;39.4801937739526;-1248.2210510787;-924.325967814847;1370.78615191819;"AG9RX51pueboc-l1-s1-f1-c2-d0.png";"AG9RX51pueboc";"boc";"pue";"AG9RX51pueboc-l1-s1-f1-c2-d0"
-8672.31161721099;-11838.5437052429;-3649.76178082159;-5110.42352277647;-3382.89085187397;-730.859467476621;670.088264426439;-2403.04061580928;1691.57467731229;555.158768017846;277.808868661867;1261.11854366026;-1159.68519885641;-903.401583318746;747.540450911509;"PL17_137uniflo-l1-s4-f4-c2-d1.png";"PL17_137uniflo";"flo";"uni";"PL17_137uniflo-l1-s4-f4-c2-d1"
58722.201653377;1293.30887120085;14638.2908282299;4816.29858384274;-4312.05985429128;-5141.93256258674;-7818.01707773413;-1875.11210887866;4483.37685070349;-5574.72685731528;379.740795849348;245.573747755697;-2708.38650815701;53.8974550924354;940.042688105401;"28392uniboc-l1-s2-f1-c2-d0.png";"28392uniboc";"boc";"uni";"28392uniboc-l1-s2-f1-c2-d0"
-29053.6688538984;-2399.91008126713;417.884963407777;-6128.1307808673;-2420.60120762606;4474.46466618202;452.703679688472;-738.264881115993;503.246489087596;180.196187078871;-581.623362883959;652.41853040182;-529.262711935473;320.08398083878;132.12343294243;"PL17_149nigflo-l1-s4-f4-c2-d1.png";"PL17_149nigflo";"flo";"nig";"PL17_149nigflo-l1-s4-f4-c2-d1"
12114.7688474205;2108.4693300264;13966.6266919695;4427.58184282762;15727.2637904894;2352.00087203228;6458.3262081918;5473.17745001353;10088.9968739312;-2296.04261085147;-651.720372277308;259.990266367066;209.962643880098;-2755.37336912696;5552.72818776245;"PL17_64indpor-l1-s3-f3-c2-d1.png";"PL17_64indpor";"por";"ind";"PL17_64indpor-l1-s3-f3-c2-d1"
25566.9246855091;-2006.9532489461;-6970.82973911524;-2364.28307894186;1479.3506391025;-16462.7542947946;-3418.10599578214;-5430.37179375881;-1151.49868757201;-2919.87146517567;-5502.80991349634;-5695.45213341928;5814.92695704091;2614.8318780733;1031.51492666192;"AG9RX53pueboc-l1-s2-f1-c2-d0.png";"AG9RX53pueboc";"boc";"pue";"AG9RX53pueboc-l1-s2-f1-c2-d0"
