PC01	PC02	PC03	PC04	PC05	PC06	PC07	PC08	PC09	PC10	PC11	PC12	PC13	PC14	PC15	PC16	PC17	PC18	PC19	PC20	PC21	PC22	PC23	PC24	PC25	PC26	PC27	PC28	PC29	PC30	PC31	PC32	sample	spec	loc	pop
-0.009634747888321154	-0.03399961195688064	0.028548029884671384	-0.009881725038822788	-0.0325516072159988	0.017312100397720777	-0.014074824687335176	0.0034347254090224045	0.0021436135973259725	-1.343912636482068e-4	-0.013055823000902784	-0.005456427385140848	-0.010333050612815567	-0.0020870095358069144	0.03093875149530918	-0.10376396097432561	0.04682353655477523	-0.03510597288696226	0.0339572112870609	-0.048811460532625806	-0.08584174231774147	-0.04953972947290691	0.22178757708757202	0.294165562038831	0.8210718891853552	-0.14559447867448472	0.04442529508209674	-0.03315170648835018	-0.015048855522282816	0.10566863794881018	0.14421935872039804	-0.024384780063780642	28366gumboc	gum	boc	gumboc
-0.011487003225281171	-0.02874976398088809	0.026054329895168857	-0.011829180075099862	-0.003971372781881227	-0.009933985184405844	0.011747104451419882	-0.005644330618817403	0.006432131337510939	0.00598070339993443	0.010592758236376443	-0.01119765058367319	0.006603457275978518	0.026689566491018907	0.013752994881360536	-0.12431854740283016	-0.005420109023469642	-0.16916043144874218	-0.0160301584989022	-0.007642555112584745	-0.02505892070819085	-0.017821190898307304	-0.07383194607903754	-0.18693576489393046	0.06632205244414457	0.06752879341603382	0.021535923861187505	-0.03548330283376724	0.01277108371827745	-0.0262947196769898	0.03494585763222936	0.06044044197928562	28377uniboc	uni	boc	uniboc
-0.012197160175511928	-0.03336716280816846	0.02684735635856596	-0.01281286445312005	-0.007082750206348432	-0.01112828641238455	0.027731224700791198	0.006098904941833319	0.0266097562866025	-0.002189732305182669	0.014313443118492551	-0.023341384413703984	0.017327593199701712	0.047345646931252545	0.0063530871063408175	-0.11869887139079331	-0.029605822573500595	-0.21710105450057965	0.04359874400056541	-0.010754262817229375	-0.01289439853441508	0.01567891957695533	-0.11529899616508292	-0.18591360547129807	0.10669263902021975	0.07974888269554074	0.09037127538329576	-0.040898037525337196	-0.018394321409825505	-0.04948257855819459	-0.38723734106449387	0.306846765615603	28383uniboc	uni	boc	uniboc
-0.007789055701934325	-0.021154947014865155	-0.021825998225833716	-0.02389313918529208	0.0022307007999857967	-0.021904498323960905	9.520812633583303e-4	0.00987263705463688	0.022158963048941827	-0.009256663474226875	-0.002634230682397218	-0.011273732323873215	-0.016372422533235908	0.02194981002850831	0.020051062666223092	-0.05409704982726413	0.014143244620860012	-0.1448034733306753	0.054428727410370775	-0.01502439942625422	-0.0023017640771793605	0.002107607755917231	0.02436655670633496	0.13112093878748607	-0.055407567538606727	0.01860544109782301	-0.05463901499718566	-3.1030087052814453e-4	0.12088502144044758	0.04203818635981354	0.0762139281165809	-0.06588354421606685	28384pueboc	pue	boc	pueboc
-0.016980907248541812	-0.043661424087690574	-0.1926941358571361	-0.13446799650776073	0.07432250690182429	-0.05756387661635675	-0.003459136050274591	-0.006518888887124553	0.0021048980702400963	0.014749132600411396	0.010794955584184425	0.016900913216649195	0.016383779724438902	-0.022136254832451758	0.02160172853610997	0.1468145553367867	-0.006477468039339757	-0.03282368351454897	-0.024815968069814672	0.019601836188181683	-0.0020314302277301506	0.012593922381225118	0.027446310379820055	-0.029217798275605587	0.020768561282903514	-0.010766899532513467	0.017586871440625228	-0.0025681369764233644	0.003831009052805506	-0.014377267740027342	0.012200401701289549	-0.010015053289265068	28385nigboc	nig	boc	nigboc
-0.015043976872294943	-0.036389908772229446	-0.1961748673337683	-0.13493797225003237	0.07566513034610704	-0.04590717480098402	-0.010931808870613402	-0.004756144700699887	-0.012853674485166918	0.00697309584140693	6.410865249496312e-4	0.01808328685490847	0.005615179999915167	-0.02698568750758761	0.003489475881278371	0.15339592120021578	-0.0034549955588279438	-0.030013815253392147	-0.026917799692600997	0.027738571042176235	-0.005086329590757389	0.02963931967606097	0.011406869702664432	-0.03637721021888442	0.0320341310584898	-0.029804348393087828	0.03162681863015212	-0.011306636168193178	0.006116633899039979	0.006155127263665543	0.00851065270991007	0.0014583272780392688	28386nigboc	nig	boc	nigboc
-0.01526416914463878	-0.035976043661170576	-0.19747184132900308	-0.13901347593568497	0.0794982833776701	-0.050632955033995904	-0.00929490313484996	-0.006451068262262614	-0.008791202424132326	0.007216746443152842	0.010159444804252672	0.02232366163757794	0.002867887194027063	-0.03103133774710802	0.02682596828975089	0.1618816289518857	-0.0031404349366789086	-0.05600801309510184	0.007388612064003295	0.029883097221967317	0.005132133853890907	0.03407057189469932	0.010720682399821284	-0.04711835798447306	0.018882650231106864	-0.013142370331807887	0.02154766459871522	0.013320226829522289	0.018599299396141605	0.023990295400048236	0.010151294774833999	0.010587590123617102	28387nigboc	nig	boc	nigboc
-0.010719138767395721	-0.026429130127981634	0.015957021593489443	-0.02767473484593418	0.003266611668562172	-0.028656275167210598	0.013499272830366693	-0.002092335919461595	0.012817842623346625	0.00888644646790004	0.008916357929048477	-0.013563142278244867	0.017397370398505693	0.03268587802255077	0.00784481255109114	-0.14532527945850343	-0.01847962588621319	-0.21446576038616363	0.01793146808591184	-7.056280901117446e-4	-0.01589021755509956	0.030811620980868665	-0.14654865141967396	-0.21139703560071277	0.0899931753970611	0.11490467771984164	0.051300859569656625	0.04677728464686641	0.014873155140918555	0.04720368166016565	0.06429943564162377	-0.14564547198464192	28388uniboc	uni	boc	uniboc
-0.008703874792093152	-0.014326446475500751	-0.02470490122310066	-0.045290056147044434	9.224948086122409e-4	0.004566998457359702	-0.0029066469347875943	-0.002211050396696892	0.01075943888664754	-0.010636052853081772	0.0036355173150267174	-0.014466280347930143	-0.008065817827134352	0.014695620514818358	0.04021466016155938	-0.07263018012620735	-0.001825952799404367	-0.13128825292277382	-0.001071214423305191	-0.026512953694346943	-0.00957064280374363	-0.02050270915079124	0.04725447061749244	0.1783212600255323	-0.0443994604065197	0.03441506949782007	-0.10145877237283697	0.009505744763881866	-0.007902232874746663	-0.02083269736514687	-0.009444599912480527	0.08870450148826546	28389abeboc	abe	boc	abeboc
-0.017849185232703554	-0.03870517276411828	-0.1990366978228983	-0.14489948752150122	0.07478619603200133	-0.058333838487009786	-0.0031998429840803303	-0.017092819172860253	7.238937082121145e-5	0.00446084200549093	0.0035517358412471556	0.028669303695209022	0.010520439800085744	-0.02735641081124327	0.013351013142503117	0.16776228501581486	-0.021492342696762545	-0.03838068197356499	-0.006369571540254045	0.021867688072479016	0.004254072862358907	0.03913469471655754	0.015059364835867416	-0.028962589012116985	0.016550566427617628	-0.017642764028887436	0.017818884086352987	-0.014873726654357227	5.940576969387522e-4	0.002647990411076505	0.001371154698826522	0.01532586490643635	28390nigboc	nig	boc	nigboc
-0.013679174253065135	-0.031168746415194928	0.021408139151901366	-0.02643914394645225	-0.010498132430621922	-0.018640665193503568	0.014379055856837776	-0.001732914778395976	0.02727995124588641	-0.007073418243882169	-0.013411967483927766	-0.024573928125668627	0.026736371673797766	0.019574586410444943	0.02806807944652313	-0.15688804087030606	-0.0014513897624576222	-0.23181709983850435	0.010371587523823425	0.02279996596064329	-0.015673093448874787	0.04878983795418987	-0.1486553863841134	-0.2310111693076994	0.1273615948816102	0.15624877530195788	0.03719788884098654	0.014320659311101942	0.07791637867831341	-0.009997176756336084	0.07405739629957593	0.04999022729654075	28391uniboc	uni	boc	uniboc
-0.011465197680711003	-0.03307759030707879	0.022534315572518254	-0.01853960329075644	-0.009176344229572699	-0.018725315317061852	0.010752650442517886	0.005196158076518636	0.028359725180847905	0.0025872665876014223	0.0014621924639440411	-0.021402986785707387	0.012024643510275034	0.03070906882880591	0.015129263088051145	-0.13998358680860495	-0.014071334436293905	-0.23270282310902016	0.02701754922789696	0.0018055662271154048	-0.012409606204729943	0.027209119805954505	-0.1490062375994767	-0.2887413917741599	0.12204565061840471	0.12938064864938922	0.054958287996620336	0.08531290890174816	0.03652685092290105	0.048886064647618015	0.059035402205090556	-0.21802599894193647	28392uniboc	uni	boc	uniboc
-0.016376528293018208	-0.040014763116404846	-0.1880824568089658	-0.12528493401621052	0.08830137429808858	-0.05133463499829537	-0.011948677117683323	-0.009467125890904695	7.775449178313804e-4	0.008797553871177408	0.01242378723512354	0.019920230903948583	0.005326126478167058	-0.01768001758972447	0.02281221261286362	0.1502483360735213	0.0011080577105854607	-0.03698160106914314	-0.011077475274113392	0.03770133059072266	0.012861291096148596	0.029454191852039947	0.013799279964846674	-0.04700498390694515	0.01580834033873243	-0.036844744744779265	0.01754609682932308	0.00781247330313298	0.006051788735520553	-0.010846413929393565	6.709354497717602e-4	0.00601405517369838	28394nigboc	nig	boc	nigboc
-0.012988252988870335	-0.036847818261388464	-0.20236060643338166	-0.14160533966576638	0.0830693052275205	-0.0512720592179835	-0.007089131356679204	-0.013401444257603812	0.0038847787881875744	0.012376422195453164	0.009735963174088282	0.01719615710794369	-0.0030697983925478474	-0.015971313352258838	0.006629230953912235	0.16407133663265225	1.5040486949605896e-5	-0.022768063665548163	-0.01753182400251112	0.02651140690186193	0.00569451022763668	0.03219940155315332	0.02910107950822983	-0.04471608871369405	0.018896918354056318	-0.04272551361992935	0.02855654597116569	-0.0033843681477645953	-0.0029650362235954983	0.006260387555955326	0.010827910857738538	0.005087558677628754	28399nigboc	nig	boc	nigboc
-0.01671256997949599	-0.04316942181448782	-0.20495849773573882	-0.14028208087831875	0.08158726495649421	-0.05821333081692174	-0.023125259053320645	-0.010744549431549543	-1.9220303777007188e-4	0.003011115222864944	-0.0026093788267502927	0.020887708274420626	0.0017965195150109541	-0.030662809820216918	0.005458690204115414	0.17205323606406303	-0.0029276306333763115	-0.03398338735929546	-0.009562952791555817	0.011794510645805048	0.0028818709717100513	0.0010411491846048357	0.02457086852376801	-0.03172325454812898	0.021157856081473487	-0.015763365311639133	0.037031673798656885	0.013967192412388637	0.009011365438894213	0.006869337631527039	0.02188786691800342	-0.036544658927637676	AG9RX_46nigboc	nig	boc	nigboc
-0.012219563960101864	-0.009585342636030945	-0.033661381069505995	-0.04326154122638265	0.005540849715707095	-0.027562161151644494	0.00412245067930148	0.006233404751245983	0.0034192524960982855	-0.026011460655906767	-0.006261104500295355	-0.025196073817279695	0.01293278411055633	0.038607235835956155	8.505209406460389e-4	-0.08433728769961563	-0.03085136924801216	-0.19762818164554138	0.031166402636851522	-0.07520542325863722	-0.011166661184753176	-0.02467748724707723	-0.03158703868710401	0.28413463886836887	-0.15648415993480685	0.11557861353516674	-0.18947450135037927	-0.05873627140766532	-0.04573282439387799	0.013152331109358935	0.21391279247390674	-0.04082874361132513	AG9RX_48pueboc	pue	boc	pueboc
-0.015361481334064618	-0.03991562430188017	-0.19241532598381825	-0.12472673086755141	0.07622620327595993	-0.04873764957401483	-0.0151977122535537	-0.00958692681084126	-0.0047209313682554785	0.008263983848533763	-0.0026257613083127246	0.018830192338513352	-0.004910577513843398	-0.018874211821495762	0.013982320819134376	0.1422249395711842	-0.0032127524083560683	-0.019918220785217808	-0.016085226779621365	0.027120250534611246	0.006969811607844822	0.019768531664081115	0.009748899794337204	-0.023419995100087857	0.02458346948935952	-0.03544350812277342	0.038228715334614256	4.41203879220064e-4	-0.0038517342258782444	0.020412426121624392	0.0014114484366322174	0.007069447279652758	AG9RX_49nigboc	nig	boc	nigboc
-0.015301899261953241	-0.04482900173549272	-0.19776570816901826	-0.13805842498969254	0.08323436364274388	-0.04931760651657663	-0.0170464980192407	-0.01354500335478432	-0.007676320036498455	0.008868289427058937	0.003923623446576679	0.025363971499258637	0.01339877955119499	-0.01409432734553313	0.015915122944932112	0.16014808274690773	0.014074245728041333	-0.026979851176436583	-0.01897613360207365	0.029844449641146006	0.0033782876698567814	0.0513736406354498	0.038611680471277415	-0.02076589235127354	0.022616561346520916	-0.017808124781889537	0.014835422896183252	0.02756382357571375	-0.027177344073697585	0.0063434117612733215	-0.019603033942799043	0.02072333346489787	AG9RX_50nigboc	nig	boc	nigboc
-0.013355335633780725	-0.018952401991737883	-0.030841045915647403	-0.04681174545166839	-0.009192037470753795	-0.01868480006981947	0.006079985395006579	0.00248480997536919	0.018833422744062803	-0.021182948404541574	0.018349112805962808	-0.011499553906578634	0.009743855576187416	0.02738892259000356	0.02245505746030567	-0.06937710607388113	-0.009333673197414507	-0.12095807818823219	0.02651354505218327	-0.047938810340063476	-0.031856151712972604	-0.0019674637923491945	0.044308357796946085	0.15220029259669063	-0.10719857266533002	0.060100937797280714	-0.12107423653319764	-0.017507676670194018	-0.026724701655371216	-0.02261124453191329	0.005086234333738737	0.037274869374631966	AG9RX_51pueboc	pue	boc	pueboc
-0.013420267775357925	-0.015110813743748662	-0.04086061963389791	-0.03811464342460539	4.921169106342371e-4	-0.012669552553453615	0.009105794882715859	-0.0015908930811182513	0.010906073117050982	-0.00564112995287254	-0.0050620253338276595	-0.031074807415302823	0.0013383436163534052	0.010717642310085027	0.017164204125501095	-0.09276103702468387	-0.028611209657318018	-0.1596577572516914	-0.002942340729216068	-0.048003926086990105	-0.025569047087099294	-0.025612301597263812	0.010679133160231653	0.28172746566410906	-0.08689133130182991	0.14904709666194427	-0.16560905988110228	0.04216296381216193	0.06701074784182955	-0.10604875208165736	-0.13365938063253185	-0.04993414358166664	AG9RX_53pueboc	pue	boc	pueboc
-0.009775532221935668	-0.034187544518560126	0.006005086012316379	-0.020899306578275764	-0.006931953693536528	-0.021998502803762945	0.016938857664104877	0.001954018302108971	0.003119358697005283	-0.011013596248753917	-0.010131277569780666	-0.012463614258285436	0.017123814125801797	0.025812121079211253	0.005336803820767341	-0.11782862439053919	-0.026688330079287174	-0.19578401477147567	0.01902090252321413	-0.018375562542074234	-0.009173080723635589	0.02157981905462447	-0.10669350427136585	-0.16174662720951544	0.028544550367828537	0.0801376865754221	-0.016764116376445114	-0.028702886702262793	-0.11058905336952252	0.07618830700108715	0.017744118654604613	0.047575389028935246	PL17_01uniboc	uni	boc	uniboc
-0.009957799564534242	-0.01805524208085086	-0.025182692460459514	-0.03070123686510184	-0.0023156076952492864	-0.0204623919228973	0.0034660285644522045	0.016811189410275963	0.02216932557270192	-0.01269174653281004	0.004559673078295617	-0.0011767595637771997	6.300787112594617e-4	0.011194020714266081	0.024387813834170293	-0.051750940697688916	-0.01936884193348587	-0.12266214873577928	0.01236063289186992	-0.03633868238934229	-0.005777844918812686	-0.011899572163346153	0.03535285727618822	0.15012128650073336	-0.08197654685700889	0.06214212079566749	-0.14864215326819918	-0.032398901427295915	-0.043425538320654954	0.013681817194513722	-0.02602333998865371	0.008092367074569694	PL17_02pueboc	pue	boc	pueboc
-0.01183718140513286	-0.016514463632941425	-0.04404372649272959	-0.04467554178029751	-1.6438236961722268e-4	-0.01947921450805524	0.013674496242978212	0.007114457613433561	0.021072310418248995	-0.01636450049073039	0.002331264368742951	-0.01500962086005431	-0.006314903522995884	0.027580116572589953	0.009271411471437011	-0.07492867014803975	-0.014942679547593015	-0.15427505357572646	0.04825909098608651	-0.0731097738936256	-0.012793390352652558	-0.014041906375186514	0.05222724525858416	0.20809094150235213	-0.1123502334787923	0.08793620682699547	-0.15803653461567338	0.014714502690299221	-0.05414749842807803	0.04249845316835108	-0.015296391736465437	0.07091053147853753	PL17_04pueboc	pue	boc	pueboc
-0.012227451305441787	-0.02289538339248259	-0.05026964228743585	-0.05634775964433268	0.029564850315347745	-0.02376648973098362	-0.006302978072724032	-0.003761910722943934	0.0088476027753598	0.007475818461100222	5.982695275135801e-5	-0.0012924731869836403	-0.010024508841459466	-0.005292503934396516	0.02757035821310279	-0.005813466869373904	-0.011794235815154278	-0.14462079925969262	0.02639783834542883	-0.017026049300832936	-0.04053448504571659	0.006800322373766209	0.013303503557588544	0.20988617706480983	-0.04910353950815889	0.09869393826258055	-0.09086188668516176	-0.029664078578075192	-0.08452497352732358	-0.028372821847069758	-0.1124213236484178	-0.07081109805093445	PL17_05pueboc	pue	boc	pueboc
-0.03144216757137035	0.2881554523478608	0.02966068731746022	0.006118091941204253	0.04786686409812959	0.005513030175725535	-0.010401390361090381	0.0024504360791690913	-0.011719069686326184	0.015443054680492414	-0.016792534267922616	0.009350627791704263	0.0029314333601157976	-0.0011046190837913671	-0.0015199098117738927	-0.022791820312650975	-0.00444546454770021	0.021856060183141082	0.03760982770358655	0.04167151939040554	-0.02723613085125729	0.19013721006156453	0.09074456842866702	-0.054282493815991775	0.01410249535672298	0.013380804978144405	-0.05893904907792173	0.007571992504934044	-0.0037684058179876293	0.018426489303348156	-0.004642990068039908	0.007045196233743358	PL17_100indbel	ind	bel	indbel
-0.016669820853810663	-0.0010730727808510234	-0.01605930798346638	-0.025677725754417177	-0.030828751265213238	0.001689498149502734	0.0034221751394170443	0.003066671087726815	4.130574868197352e-4	-0.011074236349144586	-0.008076280925804567	-0.00853739994066954	-0.02681312695144421	0.023922693288916136	0.01929759432270491	-0.12816054632103482	-0.0011829589415759227	0.020158364474515595	0.018788721490935682	-0.04140254022863371	0.05400304957971278	0.015649031710171353	0.017613321826470938	0.04400689069582399	-0.07944798532801027	-0.1673277629041788	0.1869337184463653	-0.08105687889170772	-0.038934562468518646	0.040477311851126345	0.06804457371747548	0.08094514449187479	PL17_103puebel	pue	bel	puebel
-0.010035514019501621	0.0019292047057096182	-0.05899164397212923	-0.035400264371795775	0.004277757706512311	-0.008740058475590123	-0.004169985830916589	0.010679618155851662	-0.003437366023940689	-0.012442717133430772	-0.010747691225204439	-0.014508259375348161	0.0013960114162676	0.015027884152753333	-0.016299702334509492	-0.11426059929339534	0.0035780252226224546	0.08191077325484103	0.022778339824173623	0.0013275169166489208	0.001041247849877764	7.281459224494898e-4	-0.016782501927312232	0.051323388381775116	0.0015038863235380775	-0.00776421057478692	0.0925797034801288	0.005745518032265639	0.019735761198765273	-0.04904979968772615	0.0303239173333824	0.05785541648742322	PL17_104nigbel	nig	bel	nigbel
-0.012630651843137683	0.024023317201072432	-6.279350515305316e-4	-0.005232522827282018	-0.033564809317124966	-0.005818606926898539	0.0013188910520508565	0.01708273023622588	0.001175715336142461	-0.022856204032452303	0.009709427674897372	-0.017951049216156714	-0.003872009079211879	0.01863173539557482	0.015935806834977747	-0.07397684267209899	0.004971696716075088	-0.030934891902544864	-0.0011360414270065156	-0.03636592867188955	0.029195209943983558	0.011161608391205257	0.04606960747600686	0.030197735856353655	-0.037113634511936916	-0.06129975426218945	0.12804309989279267	-0.04176922715192709	0.01125148949315125	-0.0018306638436914296	0.023509902651102733	0.04768705986695117	PL17_105puebel	pue	bel	puebel
-0.009723923435257421	-0.01886391113030096	-0.10861996914183163	-0.06705518215594931	0.021726464555666427	0.0011487852524289357	0.011517391833241205	0.003865395208788754	0.023371943513940466	-0.006938443154004611	-0.030069573637035368	-0.009081144271990948	-0.012738216233236762	0.013367417773508838	-0.02213369562093768	-0.1857603715603729	0.0175250222294572	0.22740981953274	0.03399757084047096	0.02056588855044193	0.004352378858819537	-0.026150805372168694	-0.06970452677440449	0.010504579735961668	-3.7768337163422494e-4	0.06718232387379341	-0.017301657885710666	-0.06185798456450091	0.03932546157213448	-0.31708607282420187	-0.17387709097194454	-0.048248751395429015	PL17_106nigbel	nig	bel	nigbel
-0.013321463823110285	-0.018351669864624876	-0.10122420008433834	-0.05059371767305094	0.0299591943557943	0.001336320785526954	0.006158530459138748	-0.004794364242491566	-0.009745293092683202	-0.0019973870176249746	-0.01316476584194437	-0.003485961165407365	-0.00800232705251375	0.015394213784117337	-0.04125394091610235	-0.1589008710371379	0.013979772889349134	0.19013144056052567	0.0335474090192361	-0.00715145520205263	-5.203013202895703e-4	-0.0841651596987267	-0.03821002564623175	-0.031565476847602365	0.018645105507830707	0.08501768831680609	-0.06342027500505304	-0.11374569035251232	-0.0025466710122364206	-0.12297645029640657	-0.011023530146306616	-0.06621551514601672	PL17_107puebel	pue	bel	puebel
-0.031249689299735546	0.2942605374220418	0.023006511640231094	0.001703670188374851	0.032178851265493524	0.008747146987224511	-0.006413210096117681	0.00717162710248922	-0.001952459415013413	0.021754694887973547	-0.009772945048694094	0.015156486515045833	0.005587704724292235	9.248317520785641e-4	-0.004714786922941183	-0.0195556536441457	-0.0026165148663683763	0.03210137022449838	0.034234474134853976	0.035577006010805615	-0.018336198585545905	0.1690274995432253	0.09147285408462463	-0.04220470120746764	0.005173121864946075	0.02196246040874596	-0.06150250446674634	0.008871236216389909	-0.02197909392933702	0.01524812167776839	-0.012738974328185083	-0.010957528553779763	PL17_108nigbel	nig	bel	nigbel
-0.015183557159431166	0.01554390555970498	0.003096696648063667	-0.008220255733399651	-0.022503499356972476	-0.012805679224424786	0.006853266168302139	0.0198125170124921	0.017724814053925658	-0.019712555040170922	-0.006118959048358294	-0.0033776184850460803	-0.002590459068809048	0.0277246874686024	0.011531642286823946	-0.10792923253167393	-0.010058604094300304	-0.054667351720379655	-0.004790873880780072	-0.078521621145607845	0.01282052649149435	0.05521015568543612	0.030553268325863057	0.08506043584826188	-0.0769134184668133	-0.10885568240998506	0.15081711641689888	0.06599210168088344	0.07544480936511971	0.03339982455559133	0.191252905284338	0.24974180297721285	PL17_109puebel	pue	bel	puebel
-0.01095856471447281	0.01694967398483239	2.0997699176514674e-4	-0.020221074258205622	-0.024511028295169324	-0.01675462003528833	0.009287626297415206	0.01275154181707564	0.002291311711343072	-0.0036511916168991674	-0.002118686377541289	1.190310919894937e-4	-0.014633939630880029	0.026379767808174807	0.0027824347528327734	-0.11435470369613583	-0.006077171276854835	-0.029855138261775608	0.02590503384433678	-0.0697192359575586	0.06393634582041494	0.07891402813287982	0.0963101562728536	0.14075001716279947	-0.08811182131757714	-0.07119861573882351	0.4861012570479755	0.5573886772273311	0.15338156953537746	-0.3181101964981973	-0.0579211560742213	-0.14866308374296902	PL17_110puebel	pue	bel	puebel
-0.013498675230997325	-0.019211453786233144	-0.11545996447164913	-0.06754248599128435	0.029885677245706923	-0.00976716242266196	0.005025804439137789	-0.012778623412493069	-0.011652907498311377	-0.014983223762384663	-0.007464314962464445	-0.010084356582449574	-0.03160046819971891	0.01079852977676369	-0.02083062242459346	-0.14458409410243162	0.025915057327884	0.20818635535784788	0.05311973672410448	0.012429475236896739	-3.3681446402543966e-4	-0.052144324884955226	-0.05536137257603394	-0.018554590346340678	0.03329034318939819	0.06064926018015995	-0.07082714678805557	0.032413164006296284	-0.053827183673637674	-0.17846717692354774	-0.007156850592845269	0.05129546988953567	PL17_111indbel	ind	bel	indbel
-0.012558584440785437	0.014384595400402328	9.582401549583217e-4	-0.011413859413767088	-0.02387799220533046	-0.0038116868381153184	0.010405454348775113	0.015602490798115508	0.0048892138594522905	0.012682582056462966	-8.261403990434105e-4	-0.009314731620775831	-0.007694788164414951	1.792581902837358e-4	-0.0020194014800686425	-0.07874301424860035	-0.005843962989495167	-0.034848994373831994	-0.006746871534314399	-0.023276771713324842	0.033414120362583455	0.022569934954289356	0.05345431620218092	0.03181880610718514	-0.08598059505884002	-0.06802091956413278	0.11425363422837861	0.022536072457831135	0.016815158737073316	-0.028091582338874828	0.09050151610107525	0.06188388257382438	PL17_112nigbel	nig	bel	nigbel
-0.012681726563402895	0.01808706222783107	0.0016866227205484575	-0.007704772889556463	-0.0398678242392192	0.0014667287787988295	0.0036280795666581585	0.013107757117988226	0.01818837436469208	-0.027259174592287362	-0.024295773642213667	0.0010139429658774179	0.0012194677814868276	0.023935891690486544	0.008993636773859679	-0.11103614572830478	-0.0077755653965754755	-0.018965674061884152	0.05153459519248936	-0.0119352203696303	-0.006948388024867371	-8.563645136007727e-4	0.04706660879980855	0.07701876454620171	-0.05241073997797062	-0.0631536066313975	0.06078044115096744	-0.10689988293623892	-0.02425374436578727	0.040370585192726474	0.06658412113000173	0.0070842290949970676	PL17_117puebel	pue	bel	puebel
-0.01585631294527655	6.713062616994186e-4	-0.003733464000588627	-0.043516587907240493	-0.24642153812921574	0.11552599507827209	-0.012698177955031226	3.3492957168033884e-4	-0.024056980996411296	0.015376488335855008	6.221094166584315e-4	0.012599202532682137	0.007830656522806618	-0.01269483823407833	-0.0033616255529396026	0.05896146327344617	0.0015904219921300659	0.007662883387012116	-0.001993540855897799	0.004061558618464993	0.004178410924189009	-0.0017662848381749723	-0.0037785439264731062	-0.015104149487328968	0.0031653131087078634	0.003081496732511755	-0.022224393358995734	0.005145722756474454	-0.004140379844604989	-0.004432810244088465	0.01103307223205729	0.0030473124369222583	PL17_119maybel	may	bel	maybel
-0.016246967417283126	2.0084525238938135e-4	2.863371102976085e-4	-0.04739470233918571	-0.27258400950904876	0.1247280479653531	-0.011760824761159035	0.002992007052944105	-0.01536992628442205	0.018187999284471464	0.006275680915904491	0.011130990845439902	0.006155238392759694	-0.013027728281523269	-0.0034467711898098813	0.07930781455923311	0.0016554115161448416	0.02280374884143227	0.010775204894751571	0.012354468489911322	0.009055186663662017	-0.012775760779401037	-0.010411974939640651	-0.027335038634163103	0.002894459538485582	0.007345463427098758	-0.013409439977242072	0.016515921913699997	0.00892415983014712	-0.023624403213434682	-0.034137169739361935	-0.0030697181747384333	PL17_120maybel	may	bel	maybel
-0.015073028540201594	0.001677475481417708	-0.0035608660758411144	-0.046754227531963545	-0.27132561989187953	0.11901074944865556	-0.007799066941901705	-0.012074614102864303	-0.02101434694464809	0.014176276617690792	0.001976604515470934	0.008606249947878928	5.421384657119584e-4	-0.011239340532786675	7.927333103561795e-4	0.07300428553436299	0.008267714780545011	0.012777400692639634	0.004064951934131641	0.02049660029575681	-0.008938130116215841	-0.025274840509016884	-0.02315483428679125	-0.019658335121189943	-0.005657168175510968	0.014133969187264202	-0.0027560134847882385	-0.006099954813258716	-0.024640535136835857	0.004048456060775374	-0.033057942635801946	-0.006449761712464845	PL17_121maybel	may	bel	maybel
-0.014379291768833189	-0.005036328225385684	-0.014945188388672198	-0.0507295334027457	-0.291978230792844	0.13981053823810088	-0.025986603460534573	-0.009935657437625171	-0.01487058706311904	0.01974584304543223	0.005066148833512483	-0.0036393743289479257	0.014359618540113606	-0.02481202326862208	-0.0028444681940340906	0.08625643924621583	0.007653439686477847	0.019649261413639596	0.024482517655383198	0.019814652931915932	-0.007259600712628346	-0.010179563879722549	-0.027554492765104625	-0.007455951488474484	-0.01700948566675363	0.02975631599845706	-0.05040910732099023	0.0037065280006252795	0.014140909496618009	-0.011016740985055305	-0.024707822797696226	-0.0194741620201127	PL17_122maybel	may	bel	maybel
-0.014911359233081753	-0.0031221070757198642	-0.00967966609255606	-0.0477488731373102	-0.2798402609007259	0.12330024112666775	-0.014410529140833172	-0.0029073762407486096	-0.026495258191373373	0.009141969813771772	-0.0019696500732434216	0.007355996915516293	0.005922671825407171	-0.010269297029770762	-0.009107831706655276	0.07508685048151754	7.863983133093484e-4	0.02222404209791607	0.013880015208518918	0.01773897624480271	0.009962466205626306	-0.0021564706688223184	-0.022146408633534672	-0.02447854804994582	-0.009702351636933707	0.012906271230916517	-0.02040329140441197	-0.006729476344811439	-0.039979877845851226	0.015169999529990461	0.0024600005848253283	0.004903614274001979	PL17_123maybel	may	bel	maybel
-0.013646212308105194	0.0025988137725617873	-0.009727997085538776	-0.05248336883057225	-0.26216274793556504	0.11977708895666746	-0.026924000132635833	-7.336436679011835e-4	-0.0254927639026681	0.015856188234631023	-0.0015747335257710383	-0.0034172868657761004	8.304182369998437e-5	-0.023707607681521855	-0.005977251322314053	0.06418276168591266	-0.0077677537608866944	0.025747387405647602	-0.0036860641796734985	0.031756404339786735	0.009418864239934986	-0.00325559036404949	-0.009057999298250508	-0.009793738070314414	0.01179712069913549	0.021429921962071913	-0.010430150001671395	-0.003465326853698726	0.012563785642515708	-0.0036754497334829817	-0.0036340801523937565	0.002940225862443713	PL17_124maybel	may	bel	maybel
-0.013437932572045142	-0.013462044523444208	0.006140734577489994	-0.025518351346944086	-0.10462539271393123	0.0433579596985253	-0.01898914877355339	-0.004782162608012118	-0.004166844321410031	-0.017630033857459128	-0.001677471017614922	-0.006245561375278445	-0.007925958012877852	-9.804614103389555e-4	0.011895122723882885	-0.01774291724924762	-0.017219937593343584	-0.009699859879940268	-0.016839441411488937	-1.855216049691685e-5	0.018179763026532878	0.015371992513193046	0.03574207697954585	0.004834674955287282	0.005494226829969937	-0.03080213614927013	0.015909362429899588	0.03134998853122048	0.06327975340432801	0.046242982713132895	0.03646091821503065	0.01754915835966524	PL17_125ranbel	ran	bel	ranbel
-0.015502048971045889	0.0021566980064431137	-0.007383437863868166	-0.058724124729411006	-0.2626497864722794	0.12374663080611505	-0.010606288398491898	-0.01852334375386904	-0.014636707884688172	0.02013219325623892	0.008714922017873033	0.0038155134934033967	0.009654198264939573	-0.015728284745379375	-0.009657838489528859	0.059671393679626206	-0.008803303532132633	0.028725455259861084	0.0038123935949664228	0.027199174852293586	-0.012507496093388812	-0.01233757246897819	-0.008200253730850298	-0.007231690365186025	-0.002828241436707324	0.008286528111079513	-0.011475118081541256	3.7086298414643585e-4	0.003183735777613702	-0.022279197044519562	-4.5313077447743167e-4	-0.016713237502253613	PL17_126maybel	may	bel	maybel
-0.028878192737668996	0.2764703476856213	0.027777149937449824	-5.479665140864599e-4	0.040815595615892646	0.004145221341094254	-4.211857931416722e-4	0.0030875337443239045	-0.007447822992635871	0.009084467932479119	-0.0178503819149476	0.0022418423790000917	0.007145677366035047	-0.008647860583827459	-0.003767456412167912	-0.012433084764998726	-0.004521707065864535	0.03276133348093311	0.031941566048909534	0.03824298424978072	-0.02106255228184916	0.1675809698925794	0.0995542706116112	-0.03075928981726348	0.012599641999812264	0.03705283842707474	-0.06301976603031587	0.010042654630600419	-0.00754726080941763	0.008310868567371415	-0.006351314586172751	-0.00840287368503914	PL17_127indbel	ind	bel	indbel
-0.030056644952571248	0.28671708939256785	0.0347778922053605	-0.0043874962359439895	0.03797421883895962	0.003701853511001403	-0.01375370184216774	0.0052053054048283665	-0.0041376203489457575	0.024826494321600716	-0.014125329980908695	0.01121029192001205	-0.0012428042132823765	-0.004842852949402207	-0.002596690584912457	-0.0014302457985940248	-0.013819714758524775	0.021359882647684098	0.0232163163232843	0.032994110802474594	-0.022005836684279946	0.15482880371298707	0.08270320042058678	-0.03873183652163179	0.0053102622447076305	0.017314004274471672	-0.0634259626303851	-0.0034375381753860928	-0.022372966610164063	-0.0032156631891386224	-0.011805011267338012	0.0035591715310776587	PL17_128indbel	ind	bel	indbel
-0.030792269189346487	0.28001747534565763	0.02496996282432249	-0.003181888567201054	0.03487629720032141	-7.491189588485957e-4	-0.008153310904409027	-0.005456736880799504	-0.005042753789286214	0.00947755468521432	-0.015421302885590068	0.00615154721341932	-0.003547627106582259	-0.008156626602885046	-0.011141662469657464	-0.018999613553244303	-0.00527257273328069	0.033618084468894714	0.03520001849966711	0.04188181276897782	-0.018049520960742273	0.17431504451524843	0.08822471109762761	-0.0392386472960274	0.013728402296352802	0.02348865418342202	-0.06386935029221874	0.016047624373801826	-0.03236801527983977	0.0042764051800116476	-0.019055173143444827	-0.0025171007909328682	PL17_132indbel	ind	bel	indbel
0.02617820932929491	-0.032863123888316984	-0.004271866288760965	0.16347388215578315	-0.09137461231368947	-0.30024185188445823	-0.06407588015119031	0.7602345565486682	-0.45935763590071965	0.09230237203072696	0.1916357120644983	0.061024298043431235	-0.04790563534079229	-0.0797341925362205	0.060343516036514895	0.03806790030374737	0.007466625040180215	0.025916001409512373	0.0035562247194260133	-0.017594608704796268	-0.005696520755583471	0.016606707910761312	-0.03636906998962254	0.0013514351580350406	0.014392864517709696	0.040133732222411275	-0.015764702698303348	-0.004610080379463462	0.0011278983564788393	-0.006947090656918226	-0.011428323186614233	-0.0039755626834377285	PL17_134uniflo	uni	flo	uniflo
0.024273750495683484	-0.02571195933766368	0.0072309992418284385	0.1705990704489374	-0.08063597404451486	-0.16520476506846718	0.018696352921372283	0.06435441951340451	0.26343151689582195	-0.3180441894715706	-0.3265468351002931	0.7246332834851106	0.10871847202296554	-0.29755810947014005	0.10275787000746829	-0.016753065089036404	-0.0031169516053237553	0.019804527674265538	0.015534141563524933	-0.0048083501079903244	-0.00804586758716607	-0.015250919336735601	-0.027616914735180166	-0.001150828154340722	-0.0012908712141250116	0.024588658770320238	-0.002793443460497718	0.009237276256451528	-0.025565732713534916	-0.004683996896928124	0.0025923328336334046	0.001722257542636584	PL17_135uniflo	uni	flo	uniflo
0.0339727370672054	-0.028861419699112295	0.0034015818501606544	0.20467475572055244	-0.12151877732086959	-0.39863115438330826	-0.7662454067534218	-0.38673415645229864	-0.10214122928595734	0.05072413336974019	0.12220435429594527	0.021227303366391764	0.006117874486490588	0.04308643437623909	-0.035202806973055355	-0.02625292427685452	0.005927072860878548	0.019969929214494468	-0.0016867065686126793	0.01654101486058135	-0.016849043962627885	-0.0130543147710575	0.0036111008277520977	-0.009004459286952088	-0.013898222103964646	0.016546990361082366	-9.556141659573164e-4	0.0012165549691818564	-0.005326288210789455	-0.00458142703540486	-0.008539584738523077	0.008943952607615794	PL17_136uniflo	uni	flo	uniflo
0.025678432895867753	-0.0178906084357267	-0.006971995865414978	0.1515687202570391	-0.08051936328857855	-0.20836603272060797	0.0194608189842849	0.050617168329413695	0.13425083264642357	0.07915506713063639	-0.5877359012748868	-0.34018434476393755	-0.6297416951639319	-0.10832688872800879	0.002757233148974571	0.11132403391050388	-0.004252097606886155	0.003958189161550869	0.016503752145149705	0.018951069783729034	0.006696940598399302	5.099338022594062e-4	-0.04468283853916922	-0.011615678416042186	0.006440740792957728	0.012857055331784143	8.097335786993193e-4	-0.008540972857480999	-0.015388223470463896	0.005056599872290374	-0.007755573183034424	0.010852237588988786	PL17_137uniflo	uni	flo	uniflo
0.03807820102364228	-0.023630320460575307	-0.00926146619574575	0.18127131914952507	-0.13653707924831499	-0.34853753018604205	0.5817893901843324	-0.47788882757382745	-0.47175014357245565	0.02000442433451309	0.07125675639035588	0.07370032799651806	-0.017597509795634212	-0.05078724150736833	-0.019821404716640068	0.027287664185931815	0.043832262516368896	0.010911112464735752	0.058408172095718754	0.010934475834481738	0.0038811284476213195	0.04299597250378787	0.004310717968200001	0.016426571335944565	0.005869223330418128	0.0031751806687693542	-0.01111542860276941	-0.010440001718429766	-0.0016442871185692043	-0.0047585604256266505	-0.006140158767884779	-5.751095656331377e-4	PL17_138uniflo	uni	flo	uniflo
0.010477437755860594	-0.02979306867749166	-0.012837952847570546	0.009815509167077166	-0.03263367038262645	-0.037458444528423715	0.06299476382266016	-0.009867906977038276	0.025250943104779964	-0.005596697942124396	0.005573851783697295	-0.007286957548556998	-0.02309941962992514	0.06655845772664222	0.063536667614178	-0.10573141078366335	-0.05954625820146809	0.09220849579030915	-0.8564338547191558	-0.019430130865003104	-0.42855617607595214	0.03640815419305234	0.06029649036395055	-0.02264904316036544	-0.04032345097083043	0.04056518271536026	0.004546408685936273	0.041126620072658104	-0.02805606286828252	0.028442156697137247	0.009364240635225313	0.008764715741911924	PL17_139pueflo	pue	flo	pueflo
0.01676529978100968	-0.017812344726346924	0.02174484448250967	0.10416104831918678	-0.05643575141598098	-0.12577825954115077	0.08918124688822267	0.09593694373040361	0.13228967532172162	-0.07510542558970612	-0.06315673171341656	0.20120768563390434	-0.043792528922321564	0.8789095237255805	-0.1878569618751107	0.20134563171968803	-0.0636837692673985	0.058622900196609734	0.06580472233000227	0.03466193304193467	-0.013226365458770801	0.004782141842136047	-0.029998570943915726	0.010217381240797503	0.03273466482031813	-0.02107788201516048	-0.028622447268644834	0.0023205450446455713	0.008423432545037956	-0.001645306788707917	0.001758702120019059	-0.004042002735413355	PL17_140uniflo	uni	flo	uniflo
0.024648325758226463	-0.03565656491055365	0.0024542277240713665	0.15064560099981555	-0.12327873215304588	-0.2650392210222994	0.1947825554743582	0.044876863765164254	0.6159190361087041	0.5188605747363907	0.3877766551931907	-0.016950807366637604	0.03900122943122425	-0.13253937711674976	-0.0010515247182926334	0.03859647402924489	0.02435506105786263	0.08292720483599873	0.06904519937892273	-0.009535954309080314	-0.033708478053766894	0.04118629154279957	-6.885916285014152e-4	0.019157734850858175	-0.0033968075185967484	0.016411347396582225	0.005253492572885216	-0.020701794321739957	-0.009504387794832196	0.0037841123257251644	0.01183481721924522	0.0017391930565230107	PL17_141uniflo	uni	flo	uniflo
0.01864941476451758	-0.028669773034089456	-0.17832248370980616	0.30074084945430074	0.07494275017661998	0.17982618146197463	-0.0010779923382476923	0.04893416507601417	2.9574829891435174e-4	-0.042608832171589596	0.020017937516761265	-0.022042914532152676	0.016245126049823994	-0.05344920343648579	-0.3445443203061659	-0.048823791329778585	0.5075986196322116	-0.13388310519340688	0.0774106550257245	0.5249933208344034	-0.3052931829140628	-0.1401398526665583	0.0776836673917742	0.03534923729642105	-0.08095152152869299	-0.005557678379464067	0.07316511238127264	0.032263019692379526	-0.016027549788735482	0.02650197832916235	0.008616755644970171	0.02376036940783108	PL17_142gemflo	gem	flo	gemflo
0.024506893404542145	-0.030881943889690008	-0.003213933699665215	0.1459402899763274	-0.062179589588727525	-0.19246504137776843	0.03996608986968878	0.07939109734084242	0.05732468970826278	-0.09380893651714743	-0.3596346520523133	-0.45179188842032747	0.7320382689591953	0.004897147041708345	0.07492934894860592	0.10941013903361609	-0.02722449917069528	0.08807583736409123	0.031681289310176323	0.010073543051004235	-0.04064949867340277	0.015212358965651974	-0.021914274364636815	0.025650651251795522	1.568485865545445e-4	0.0015795689386280934	0.019800109697322568	0.0074798668531828915	0.0024152470471387696	0.002264258163827725	0.010198028910884943	0.012013782068696974	PL17_143uniflo	uni	flo	uniflo
0.03474605681133834	-0.03667687919402598	-0.20771292485376183	0.41433283910137936	0.10579070397021494	0.3058123648002557	-0.02067144211555151	-0.07241056628882243	-0.04529653021248786	0.12025672958409302	0.025654566154441144	0.021736635116789468	-0.045837091909266804	0.16597916369248678	0.7706437656556429	0.020158213868384085	0.0016865496374801985	0.028634266390904883	0.0697055754964658	0.0922449746661967	-0.0016003203507461475	0.019587426069731108	-0.034819846902196395	0.005376368096351487	-0.01623023442960272	0.012060752605530673	0.01900919897848344	-0.0010683091829129735	-0.026205271330934365	5.540808093115991e-4	-0.003935985077572482	-0.009863146974383742	PL17_144gemflo	gem	flo	gemflo
0.023035876088144988	-0.02910486966879133	-0.1831229995260279	0.32303054831818495	0.08950869174482479	0.20191402663322877	0.003170074208039697	-0.009594175141009437	-0.0449388568319378	0.03337796013787079	0.0375848545930592	0.0022394216203076556	0.0035593745615589115	-0.134625307942189	-0.32145578386175244	-0.0026769828017588182	-0.7964991407399694	-0.01421436485488979	0.07040786068879708	0.10430559573541157	-0.10722989773023926	-0.05333582067912934	0.006065017921064177	0.02239644922542788	0.023843293139516483	-0.023617683602493732	0.019009381053206022	0.02633484362603182	0.03386047196690717	0.022126783044251377	0.013318966824425687	-0.005210047502753828	PL17_145gemflo	gem	flo	gemflo
0.01673349526986331	-0.03104204091811281	-0.17115133007347436	0.28056829219607254	0.058223149495735996	0.17735080942816467	-0.012209425680298164	-0.0057360997223112106	-0.0165398953720964	6.895947587304071e-4	-0.015429949820409074	-0.008147183597664882	0.007675027608920459	-0.01598415706238474	-0.1860107693868529	0.08601929847616172	0.21395473554448943	-0.017655800160422706	0.07397537853480375	-0.7519736372031027	-0.14337904928996323	-0.06605821436862785	0.2684040191646516	-0.24429174264626216	-0.033490795735371004	0.03784548833537632	-0.07004070121942882	-0.009894669896778882	0.05835175841437463	-0.034429976795848354	0.0014252990258369332	-0.027665062979699614	PL17_148gemflo	gem	flo	gemflo
-0.01525172127547002	-0.014795126994061783	-0.10594384994559049	-0.04754845450798282	0.022460131052588737	-0.009688993039478068	0.00423926374975832	-0.007044229695539553	-0.013182463182008438	-0.0019232552125569248	-0.0012167700997209718	-0.014331333799632829	-0.008620704399466585	0.009565961006754305	-0.01710214739262321	-0.20570428375689181	0.014246865001345458	0.268372266708671	0.01273999257213783	0.005188640169135896	0.019923457813884562	-0.04890163821849744	-0.07438137080253363	0.0034127760382281365	0.045423903454759294	0.0026490452109170356	-0.016768467549831027	-0.23980872862141867	0.02770781116122409	-0.11860159168492965	0.1264862204789173	-0.2642174221110102	PL17_149nigflo	nig	flo	nigflo
0.016892149076858615	-0.02714554198990192	-0.14725058508580044	0.2702397973295401	0.059694283130425435	0.16077663708209186	-0.0168770161570751	-0.006193478526799799	0.008788043240512055	0.026116204941727245	0.0036736742336934513	0.004244590464387066	0.04622666144462448	-0.030342476594275365	-0.24836274413481282	0.007640113662246883	0.16971959950509796	-0.02165947492676349	-0.3361124768473089	-0.07086836312732202	0.5884403021026948	0.346262470219859	-0.34548107649323595	0.17476002484724115	0.10827325770615638	-0.024382773743636815	-0.02926685751347708	-0.04035720190995411	-0.060054662387515806	-0.008026243565157439	-0.001611400729485813	0.027225336235438817	PL17_153gemflo	gem	flo	gemflo
0.010122644506204424	0.11025572938413337	-0.024557544719605997	0.12460751118599211	-0.061107709150170664	-0.09592009086436955	0.06119200369287476	0.018781471649804017	0.21123154785251652	-0.7397130843427862	0.4389076916652601	-0.2904215620599116	-0.17510774787759176	-0.07216854131680156	0.08992798002732412	0.12686347675890305	-0.0198561865415023	0.04380937616864775	0.008145353962636149	-0.01806433032341927	0.026774382459466152	-0.037370328517720305	-0.06660167669785388	-0.013094515153411547	0.041084759357912067	-9.677515377843496e-4	1.3029023177021727e-5	0.0011065843951826317	-0.008791818851596038	-0.011930460263120292	-0.021433061802045485	-0.026961788595715106	PL17_155pueflo	pue	flo	pueflo
-0.013668681885070928	-0.027991099652573553	-0.007649985734411129	-0.023207642188624814	0.0014948445813530065	3.072081250691329e-4	0.006657984476760257	0.007610346249291356	0.009506998116356146	-0.01837141803332911	4.5737960607420113e-4	0.013565772216718938	0.006428326463134938	-0.0062126975926765264	-0.007942167585505712	-0.058438747962543475	0.005430986359666028	-0.04182535752739415	-0.030322585457636785	0.02410698495134183	-0.022372867462056974	0.04534023502450948	-0.026412098031899544	-0.00254467929072555	-0.03920994780746772	-0.07037036956442778	-0.03691212832930911	-0.20204868456877448	0.2521728389227938	-0.007270843988912108	-0.15864269682255167	-0.13128893347576473	PL17_157pueflo	pue	flo	pueflo
0.0029040123380203496	-0.019165505419626933	-0.001934859952572426	0.04995853031770872	-0.021640739861490624	-0.05264882671272885	0.04609846551849127	0.032668806373799396	0.035663817789955254	0.003273154154371876	-0.005266136893353619	-0.026638056955668246	0.023563530525311523	0.03886086259995033	0.021197939566401	-0.10366042525780876	-0.04631319368156198	-0.057700903056726247	-0.20370507369891994	0.19724254090655152	0.5474170866775202	-0.36714272710330054	0.5839706148780809	-0.22273505417724904	-0.032928559994327124	0.11920170185163577	-0.09451223524303333	0.021558804703211174	-0.010242522780765517	0.002868322099113418	0.02464965170479087	-0.04231462193429036	PL17_159pueflo	pue	flo	pueflo
0.9844176534521104	0.06716952574117918	0.022099275897148902	-0.11639356661657775	0.01844060269578241	0.04926514648128468	-0.007203978586869134	0.0023892303759020777	-0.001316747385292551	0.00500012114862196	0.002958887600775665	8.654923879656888e-4	0.0016343823254516578	-0.0042601467262784985	-0.006404693014962279	-0.009761736000213088	0.003393653218858495	-0.006806610183933102	0.01141065003516959	-0.0024161098405613133	0.004257877384422895	0.002511896522707886	-0.0014529699427764011	-0.0025594653481697126	-1.691069589168361e-4	-0.00405583252105719	0.0014935309709446	-0.003614888100629566	0.004790640398584415	0.0018687187549269548	0.0018660355737712016	-5.595565818468092e-4	PL17_160floflo	flo	flo	floflo
-0.008375876518519877	-0.058079147311145926	0.1181996518933313	-0.004489061112836726	0.05879446755302299	0.023700641180337715	-0.006888362840119368	-0.02290126394772836	-0.00255568880873883	-0.0033276647960825047	0.010466957829839113	-7.154795597401109e-4	0.0050403981522817954	-0.01981399639772757	-0.0031234970654287443	0.05970038000590986	0.009878949384834343	0.05272165211642584	-0.012002169340396864	0.013366447732963992	0.04972626075739655	-0.011869297738399679	0.03562413027059915	0.021952014895065503	-0.03023473433763608	0.11447386847110053	0.0320351768049105	-0.06336609049511235	0.23261017348860663	0.09782956093158354	0.020668400610313966	-0.0159009277579849	PL17_23tanpue	tan	pue	tanpue
-0.028914434460075914	0.30349251890594464	0.04054018880057554	0.008584292303886886	0.07365757269543417	-0.0018588619643656512	0.006399096743462044	-0.019400666725087404	-0.025032461575621775	0.08312392860080091	-0.008386825340729228	0.0270081532191345	0.027739704514076775	-0.01368968077841977	0.004263642146287483	0.11419285876247642	0.016426883359063463	-0.053787595612660395	-0.07234912831136492	-0.06230293669403333	0.0226408974544435	-0.3830945273449698	-0.20838407705146866	0.05905924928561527	0.019225199977341057	-0.01305102159328403	0.07101497570780042	-0.006851623239501373	0.027437503868862623	-0.012574719844997648	0.011557691341986823	0.004506117547532052	PL17_35indpue	ind	pue	indpue
-0.0106193516610682	-0.06629034309391187	0.12413703782117845	-0.014544510888342542	0.0707627437348008	0.04143827269898948	-0.010728622303594164	0.010825643373256224	-0.01950949640462697	0.0044417592591124225	0.009600415519423247	-0.0166797198906407	-0.017415864145328308	0.002026751629967961	-0.012021841186065432	0.050096962775736845	-0.012889336852743271	0.0380797769149072	0.02138743397799887	0.0045161038154040494	-0.014871378639482812	0.0074059348221392355	-0.04019012940050903	-0.02852420541037404	0.0651803622718992	0.08003670940343999	0.02779619284608923	-0.06511310073770904	-0.07960576514189421	-0.11908883131850714	0.12404127541807453	-0.07395603733129663	PL17_37chlpue	chl	pue	chlpue
-0.008717544778820413	-0.06428390330236017	0.11748601016168464	-0.004821062561113617	0.07345272171298466	0.030970434606810524	2.7013937031841448e-6	-0.013440733819091688	-0.022926142228053784	-0.00779089068891585	-0.007055901597813477	0.0068522098160551746	-0.00491223088350441	0.002959403437448043	-0.009243787944727444	0.05420067207399161	-0.004531543169632273	0.05096186455340487	0.019360038571951267	0.019967738502749605	-0.01128714734397583	-0.023957871308601376	0.025461565286521572	-0.001670294271795456	0.0538529318242852	0.14932038164349304	0.005884158587100645	-0.041850709974658215	-0.09238092197622656	-0.06931990182333644	0.0699154809363293	0.011813198216017588	PL17_38chlpue	chl	pue	chlpue
-0.011250177956349444	-0.06675412330591425	0.1168896499389168	-0.007750866972054554	0.05480000390805512	0.030644299955648456	0.008710270566858707	-0.006239412085409202	-0.00370435584736939	0.0034112488555522735	0.02392994833210065	1.5416254900073375e-5	-0.006973991808812157	-0.013587118434355852	-0.020608162904061648	0.03702464429738967	-0.0019068142582842537	0.03442184817010071	0.0030718867810096656	0.019799229038393262	0.004640417347575544	-0.017049347714219	-4.343285866671469e-4	0.021066977963063584	0.02462572945046008	0.0675780632102828	0.022074069854594223	0.0046591572691737455	-0.11841114557370955	-0.024828435659979442	-0.02440526255126483	0.07598687811326672	PL17_39chlpue	chl	pue	chlpue
-0.009832197882127075	-0.05941784285514884	0.11681940691263154	-0.002132721600453205	0.06716538808305186	0.0243287219187816	8.015243881954962e-4	-0.02392369523030797	-0.013506865204291691	0.006652039280324555	0.0037953512639229458	0.005444956362044315	0.018912299833390347	-0.013509025534643582	-0.009782692941031467	0.04476530332978239	-0.0013750643339076518	0.04172911773374379	-0.008810177133107043	0.02366957531254241	-0.01102134753574893	0.015785288024358003	0.0017065244889486486	0.016670820030733276	0.012891673282497252	0.06888755340489436	0.005594713263506826	-0.011064910152835679	-0.09966176317009098	-0.011892559419227188	-0.12217180568400644	-0.03795420649343411	PL17_40chlpue	chl	pue	chlpue
-0.007748744145930062	-0.0635690754109813	0.11544307612789796	-0.005739817948222584	0.06556697219096355	0.033122634559267804	-0.011083167258963092	-0.010719584315834689	-0.011334210162494425	-0.00907661844293272	0.01378599020890154	0.012526084860021174	-0.009125906286967838	-0.0028449554662479076	9.338520883854952e-4	0.056335654416478954	-0.002913147153405224	0.02807887172061696	-0.007687294002118694	0.018378686405864895	-0.011583604331400524	0.011693286799388282	-0.00595966046668477	0.0051682489472967665	0.015531910829781104	0.059485043916383776	0.013411458950191213	-0.08228033190463928	-0.014443938084472393	0.005802154929023711	0.0913663248458788	0.06610181983792877	PL17_41chlpue	chl	pue	chlpue
-0.011190944555314549	-0.060905458409473874	0.1228610654572449	-0.01423140640651015	0.07581432729662776	0.03417971659904341	-0.005047737502783346	-0.008412076338128103	-0.008402040331934209	-0.003994357080824739	-0.0010921270725499051	-0.01068365891937374	0.006236036387898169	-0.016089119174465306	-0.019774620618866794	0.04926780822727827	0.004826312699819242	0.0043984529849319135	0.0242823372720464	-0.015831760235440567	-0.022870721168167074	0.008511172530144495	-0.018236109098862047	0.04026916010169814	0.007521702666797231	0.14262812931132834	0.09184723252780473	0.013018651598377107	-0.27452324395060956	-0.010976316688786505	-0.016345267613901433	-0.1281363222333435	PL17_42chlpue	chl	pue	chlpue
-0.010529256977614955	-0.0661198190236675	0.12166455890534997	-0.005801890747060504	0.05436815354417856	0.04161112526142517	-0.007153164311841995	-0.0042081745406703985	-0.018531464909070358	0.0046068009688902505	0.0077141908854920565	0.017717148822683035	-0.0012959642689569927	-0.013020821733369044	-0.004786591860492283	0.07932569825530458	0.009169017965980363	0.0351929950874027	0.022445138075840518	0.004474581945476238	-0.026259399668452334	0.03017950678740839	0.0241108631161058	-0.016229778254522043	-0.025690006403579806	0.0406926739635555	0.08846884458439536	-0.04072462405521962	-0.07506923687220324	-0.055367262442181056	0.06189531749371992	-0.1016766557148213	PL17_43chlpue	chl	pue	chlpue
-0.009730402420816192	-0.06490347526561768	0.12090548856106861	-0.014980351357650546	0.08766247385027853	0.024458867137400753	-0.0142255637876307	-0.004916242774140858	-0.01711447007873128	0.011386747577362985	0.005080980043197494	0.002136180855708853	-0.0031044880362204957	-0.03209780612067764	-0.006808802879135089	0.051178884530842544	0.0072003103558328976	0.04285886425409908	0.009830315137371573	-0.048860185386186625	0.011755310994376999	0.00984325590819566	0.05328315106015658	-0.009632240029756635	0.002557518932727373	0.10267458515220672	0.0022850480139961636	-0.05301634962016511	-0.1906778954990034	-0.026021543616624065	-0.040439694396524735	0.2037139540930949	PL17_44chlpue	chl	pue	chlpue
-0.007730055542867884	-0.05825429726156687	0.10329207125664223	-0.007512767171219586	0.05707764491819387	0.01230057347068966	0.0072087511590534815	-0.002204354248988578	-0.004079984870141829	0.003764630855089193	0.014973709220600448	0.005565826596364344	-0.00488447041870024	-0.009600921102989938	0.004750448410098186	0.01919462864173073	-0.01626250114484762	0.025393189104208437	0.029412178518744798	0.0051674429455628255	-0.008461984885052821	-0.03928661942524951	-0.020084663859781263	0.005608586234280091	-0.05675264986780585	-0.06172687544679859	-0.02217412721207978	0.003404722826599524	-0.03936613603487732	-0.06963663038984162	-0.050995024578908116	0.04513372021786233	PL17_50puepue	pue	pue	puepue
-0.012694832685528602	-0.059422930298865334	0.11886393778910882	-0.011771970404614794	0.07173650151958086	0.02310924335237765	-0.009406503661226598	-0.012656614724218786	-0.003141817388450824	-0.006310471959497021	0.008526129303793463	0.008208285836044675	-0.009126810094025974	-0.03428441510147139	-0.010830352145144153	0.06962216977571534	0.006457564788138886	0.03470428099748378	0.015994177968765493	-0.006810662996787194	-0.00272470554773424	-0.011725489908212648	-0.024031082730459664	0.014315003203555726	-0.05170697317785279	0.009462618207486296	0.026130474999927305	0.06847235993667654	-0.08195920211944752	0.014232239074724498	0.030407258200530887	-0.05137073933876678	PL17_53puepue	pue	pue	puepue
-0.008978747740052756	-0.06315960049469586	0.11778099747400338	-0.0017111835717612104	0.07580432117961568	0.0409583697870718	-0.0034795235859646123	-0.01919472997705682	-0.02337182854619169	-0.006982726974260435	0.026079214444786513	0.015302993045350762	-0.014093338098465708	-0.03238274050781342	-0.015977012587027193	0.07383322570384582	-3.3276014578038434e-5	0.08341566897010214	0.009226458524984034	0.01955413697840456	-0.004863027973742074	-0.011433801584979166	0.008498804937706583	6.790931906556432e-4	0.011837913972063555	0.0952832209263816	0.0452764935187561	-0.006136272807969496	-0.10985282412057065	-0.06767805469768223	-0.006857258676041986	0.29471259121330684	PL17_54puepue	pue	pue	puepue
-0.010917178366669009	-0.05163689130994981	0.07681715031970739	-0.010608757300154469	0.03550395594955782	0.011278653171839213	0.002467320074440183	5.29551061980433e-4	6.763318831484483e-4	0.007868730273760434	0.012963169139793283	0.002123705041988117	-0.0015117727251941005	-3.897369239420234e-4	0.0046507977341834076	-0.022257188257231737	-7.854889161055087e-4	-0.011507006101772873	-0.030219754467579973	-0.01752581488375034	-0.008165401990927744	0.021645124980693535	0.014797545131902314	-0.0258644997812802	0.008883502964883383	-0.2233819678981381	-0.06264049772104907	-0.07426112027302015	-0.05902361457695816	0.007090549431278024	0.06389205843480472	-0.05767297164166834	PL17_55unipue	uni	pue	unipue
-0.0094434818147987	-0.060769174953524144	0.13359939830600112	7.935122074464632e-4	0.06728607324353765	0.029353731346219047	-0.006879331529995853	-0.012589282877149431	-0.0018328414973225195	-0.0030158648375497154	0.015143995647840348	0.006266230605230863	-0.011120313530163219	-0.016996348332503703	-0.004047098498096697	0.09449118389775665	0.008807241637349856	0.04306245201864295	0.02881330984605942	0.004115644825946223	0.025035621052198993	0.03615157982762514	0.017910856403025262	0.03089699045087464	-0.06332719885459122	0.12954900575661268	0.08187227823842688	-0.054374463890785325	0.20355098337657157	0.10204581633516242	0.05377648935639949	-0.012196953603124982	PL17_56tanpue	tan	pue	tanpue
-0.007605940614383904	-0.0643291212474926	0.11929660063945524	-0.006970630826823633	0.0545984166942338	0.033845488013047036	-0.011974477641913919	-0.008436378472727182	-0.0018118255752069138	-1.551962691838201e-4	0.016929304915191987	0.009543012419204727	6.62198532079945e-4	-0.0011815245919776266	0.005673576460146734	0.06522862267209524	0.01582242714940874	0.03886306846007383	-0.015419845792757935	-0.03816594454254659	-0.0034785401181546883	-0.005338318177359418	0.03352462701812078	-0.0012823240653019644	-0.04064532780958373	-0.0398345669371692	-2.8468445585726865e-4	0.10157154739130134	-0.0835422885595375	-0.011874044853650048	-0.09614877377554315	0.12306718550639316	PL17_57puepue	pue	pue	puepue
-0.006838182762485352	-0.054252774678447996	0.09868986738369423	-0.006372151345086005	0.05823041916375276	0.022861781481136895	0.004809124627126526	-0.008900800674890828	-0.012616334563417568	0.006916631173337877	0.03216247176436934	-0.012116061243291893	-0.020256203802502693	-0.014709423610711902	0.012238252922584441	0.04960809068653476	0.006895554305919513	0.02630785418223506	0.0034937578800773813	-0.019548103740901678	-0.017372439888260777	-0.00920726703406559	-0.01016387416637716	-0.016965507339027217	-0.03413018845043861	-0.10271733222580016	-0.03540952531445429	0.10137969717195972	-0.10715526133316043	-0.05246515815814641	0.06898382505299096	0.1438111796359728	PL17_60puepue	pue	pue	puepue
-0.008410416541280066	-0.0671116874263753	0.11508598585853397	-0.0033819185066476026	0.07202611335478952	0.027746952784241698	-0.006230593010542313	-0.009356530010415658	-0.003072511858330439	-0.0033597338392664013	0.001856640789458321	0.0038242465706361866	0.0019406524534687658	-0.0023896231560815405	-0.022047308274324644	0.038736365542536205	-0.0353775711832841	0.0317549270010418	0.02129106530826927	0.00301742153200885	0.024818120416550873	-0.013979918926591854	0.0071386849045204865	0.024731208382672492	-0.04150735357174216	0.1444474425335477	0.1373701867775492	-0.015913555751528117	-0.21913578617690557	0.06735390348298702	-0.021622281676115553	-0.16663320716618577	PL17_62chlpue	chl	pue	chlpue
-0.0086280471683379	-0.04552136639811635	0.08310463188396018	0.0012536191673702033	0.035195656811413775	2.8490357292591665e-5	0.005801955312552316	0.008318062849561802	0.0032125077771845935	0.005714270057146104	0.00886048612704029	0.008898930697530406	-0.01171019099451233	0.00822141578547216	0.0070279311062724685	-0.04477228304897484	0.011794719186768129	-0.03932571076280906	-0.010568875525200888	-0.007121253113582169	-0.018059765116776146	-0.013987695401848035	-0.04142922555895012	-0.027824916513963217	-0.021448764485937397	-0.17902500929720053	-0.09230023927198681	-0.013722262745034849	0.03503153048543598	0.04591450911783489	-0.021060124233591927	-0.1256408422934948	PL17_63unipue	uni	pue	unipue
-0.02931173066996497	0.2955398272519139	0.039542621690430324	0.00960023204641277	0.06470633186810083	-0.004718681537988897	0.005983195915104249	-0.014178486780025873	-0.018353260422701002	0.07081392471907011	-0.00965869882524802	0.02448633133583934	0.02380618431153762	-0.01560555420075634	0.007038553995181526	0.10271066115451195	0.01707398679243114	-0.04591806093938566	-0.06574409427063725	-0.059941431052145375	0.021690082396442805	-0.3494433348485069	-0.19547069982496465	0.05494737229774891	0.023432508456255052	-0.01223834336440676	0.07262670967318048	-0.012794974168496518	0.036473681176231725	-0.02012268871390436	0.012563210513431641	-0.001417575510225073	PL17_64indpue	ind	pue	indpue
-0.00963213843612896	-0.05951255924029377	0.11318523412375064	0.00305514936220979	0.06805767646495767	0.02502641118444889	-0.014194058137260102	-0.012306960873357132	-0.007356939779209087	0.013777633573034714	-0.008537103021605638	-0.012347859043051853	0.004165418123895988	-0.022603486929349846	-0.0058555851545599134	0.021447566218074716	0.010647947460446694	0.020886414157186586	0.008917298436689295	0.0158088891756531	-0.01686732557621418	0.011324928831646305	-0.007636913985062007	-0.005868689555956767	-0.0032904161761378873	-0.07744511048279845	-0.13308668396315662	0.0970759004243997	-0.02219795918391797	-0.09748727727072412	-0.0424254232743206	-0.28730590887777285	PL17_65puepue	pue	pue	puepue
-0.009168088866134527	-0.04039568951043476	0.06859951860643217	0.009496009003327218	0.02614211207075017	0.0031196185732182344	-0.005876522792247021	-0.0015863467160190544	-0.004149158007463178	0.011080737345285554	-0.019552464149444247	-0.0121287688534938	0.012878177670947724	-0.010759859029695907	-0.008005873762381082	-0.01632575852906046	4.389105726591478e-4	-0.01991866548299102	0.0072090504066302736	0.0015213973151945294	0.0011456806739168393	-0.013045046880368553	-0.017676864152064868	-0.060287142664537136	-0.03662289241064663	-0.14385667414160522	-0.08389593002692926	0.06366381578200656	-0.04578648541384181	-0.03296061551228604	-0.04232445071441035	-0.0672402600484941	PL17_66unipue	uni	pue	unipue
-0.009054601171967118	-0.03820453522038741	0.0634434766511429	0.00545663276812179	0.02581866074993418	0.015527266348225943	0.008392520416591604	-7.625740979243161e-4	0.011697731430193705	-0.005276020335015967	-0.008199452610822638	0.01289205724649767	-0.003292040750881563	0.007239428023063485	0.0016728065638878713	-0.02017828590827335	8.57344219092899e-4	-0.0124174825450625	1.619690577581651e-4	0.04877598476695599	0.012475780720460536	0.009313049971329606	-0.04011103049628539	-0.05597782016984159	0.001722005129880878	-0.13296116230230234	-0.09577675517698109	0.03531997820645542	0.11832555794766482	-0.004849206013561547	0.011658173479259543	0.03586750353096019	PL17_67unipue	uni	pue	unipue
-0.007163190685624494	-0.05386675436488797	0.09595362631079632	0.010076613363847853	0.06096607210552386	0.012908972296908938	-0.014580732342741924	-0.006458379211380943	-0.011885716105389486	0.014276431669828645	-0.010588675395760824	0.008790370066792856	-0.004763580725554797	-0.022157960681945418	0.013453496657614115	0.01001197610355703	0.01238430806710593	0.014331044601944565	-0.03554774725121532	0.009105091037104078	0.00845675070114272	-0.02059178345309312	0.013501901881530535	0.07961747517476822	0.14278905174255213	-0.11780614451458064	-0.2000619790316484	0.1621145746017653	0.20642230283403498	0.06666822671384526	-0.49676661427015945	-0.028589435447304617	PL17_68gutpue	gut	pue	gutpue
-0.010385518679112127	-0.05664659215312196	0.09151914625261996	0.0028946568841745667	0.05144821739430382	0.012702200189997685	0.0013339440906416158	-0.0076653814059907885	-0.014062108756895687	-9.239664637144966e-4	0.006523250194127412	-0.027484499144562732	0.00421652966931922	-0.028092787436170368	0.0071999016200773	0.021527867752200613	0.002309649343902501	0.013783302216970288	-0.0252481612279829	0.057864095800068724	5.180579977153316e-4	0.03370443970945572	-0.0076221601203391495	-0.04318907250756436	0.002434139790601732	-0.052075689977802646	-0.09704151028318331	0.03267171647702715	-0.0030600232426553032	-0.14511382349298171	0.12192906479897336	-0.03634685817296979	PL17_69puepue	pue	pue	puepue
-0.010898749503060768	-0.047612324348756514	0.08888814139937593	-0.0038845711971911916	0.03294503983329705	-0.0017776625784092371	-0.008104066993581186	-0.002450220171146452	-0.015562565173289362	-0.010825024301177622	0.005024372733840638	-0.005803562224846163	8.224110453106086e-5	-0.035003381703011	0.01214388362071002	-0.0413012917720186	-0.01649401042570904	-0.033993256504526975	0.012899272500947134	0.028182484115892175	-0.009751507021964676	0.012654400598122959	-0.041571168406116986	-0.10417354620630229	-0.06847565456955931	-0.36219771324326316	-0.15533168153952479	-0.06965569523167804	0.010280911969281336	-0.11867992915929347	0.2840799352525796	0.10757965139524339	PL17_70unipue	uni	pue	unipue
-0.013526715135465743	-0.06045413828647146	0.12293642181923314	-0.005053561200564448	0.061423402326324546	0.03491015122023818	-0.01039694614510073	-0.0033831174742976105	-0.008920595223628223	-0.004125769523296843	0.01009771030756109	0.0029657033654552625	-0.016589008137644988	-0.029914455320897867	0.012911838558703821	0.07163719737687961	0.009605663021391223	0.07763665852775083	-0.004848574278977269	0.021811023775905176	-0.0070704251133867435	0.04796774321191058	0.052282571211893225	0.03677513481519451	-0.03432856418699588	0.11406761245760809	0.05185362565528632	-0.10417076602080587	0.3541018889682502	0.14269379923100567	0.026697788513045103	0.03105109892916515	PL17_71tanpue	tan	pue	tanpue
-0.012097819719904666	-0.05587074156407753	0.1117987202627444	-0.006569049677367852	0.07103410690657164	0.03505913767685829	-0.00823165151027327	-0.018136032494899392	-0.01603641475767046	-0.0031360533377372225	0.010725079199835608	0.023145543387279262	-0.00931029326853977	-0.008923274597982046	-0.009712058444378507	0.04713562071587069	0.026490947638767467	0.059020052975579745	-4.110964995043251e-4	0.016138368017174446	-0.012894106226888614	0.05052972806518639	-0.012295767849887715	0.013501004202203652	-0.02263404941804898	0.1490305629445943	0.0419365653926084	-0.0350489873535757	0.24409617517176951	0.09330163870590014	0.05474894770200595	0.027913200529022592	PL17_72tanpue	tan	pue	tanpue
-0.008415570844794953	-0.04156377109254615	0.07507655305518574	0.0012739587400747016	0.043476069812839094	0.01340294685018194	0.003892990545979467	0.009805604309631205	0.008760893320511729	0.0032370879270201694	0.013516570517375115	-0.018003562988280614	-0.00815230547492855	0.020114389705692307	-1.3864806188898938e-4	-0.016287874041371928	-0.0014529164782920274	-0.010506723661864089	0.01835470755031518	0.015465766286986973	0.02776665511363032	0.01838653847535605	-0.004209898180591597	-0.048184798985996556	-0.033975855503912876	-0.10872257070490023	-0.06328748291246356	0.04458232514990391	-0.015340874965026412	-0.0013254391599849338	-0.0329201051993543	-0.07632906355088068	PL17_73unipue	uni	pue	unipue
-0.010405308828788878	-0.05011374082691797	0.0756722704257891	-0.005574318981401427	0.0496492752871257	0.006971998404493054	0.0014278581238943342	-0.0024099878262261037	0.015361395960608717	0.0011468635366591665	0.015501512624792223	-0.005099155497279746	0.014204845693473063	-0.01506185286622382	0.012612690166276662	-0.013103487570030596	0.0029068098731542327	-0.034230713548169374	0.03337809905756288	0.01823321998470719	0.009535056926662335	-0.06745405494751285	-0.047847826643814415	-0.1019560781432675	-0.021327740318997958	-0.3456018021116876	-0.18057531943997862	0.03360058207315875	0.08216613846642136	0.009578366335297774	-0.043869145022163665	0.070134836084021	PL17_74unipue	uni	pue	unipue
-0.011014114378060092	-0.05319741388995444	0.0961495355703886	-0.007169784700630694	0.03407089926420055	0.021611268948863133	0.0026598218452934318	-0.009065519168142343	-0.007432961724884019	0.012681752194418396	0.009022367459677641	-0.013764635425673384	0.010888042108010818	-0.016282660909565032	-0.009706588121194248	0.01733132833838976	0.013267752947783333	0.02748755460777503	0.014291556509851231	-0.015323250708758993	-0.011928284308250417	-0.03055657624730092	0.07362113628637096	0.06061751149770783	0.14706188604175985	-0.06612672485297519	0.01999300123970521	0.07383148492560793	-0.06470478163248132	-0.024380163349617484	-0.16974729725402016	0.018332936291943203	PL17_75abepue	abe	pue	abepue
-0.012817289405260383	-0.05537203548910913	0.12369079890134523	-5.460630025997988e-4	0.06755252680508356	0.032455890878201714	-0.0016829893636206598	-0.020358278883507715	-0.012093924631204594	-0.007783960983584627	0.002086460552393432	-0.003727833243952585	-0.01884358726372074	-0.02439947986096454	-1.8530912825097967e-4	0.07368691776595683	0.020844038327347717	0.06399313059041178	0.004099247563586215	0.010132212954655984	0.01606958799458317	0.0674186426129413	-0.0014430746616790877	0.05007621616007152	-0.023703282945837786	0.12985182550845634	0.07802420732725134	-0.015591617055483495	0.3521705162484007	0.1498339671056464	0.0885967081591669	-0.049514928208742086	PL17_76tanpue	tan	pue	tanpue
-0.010919770076592296	-0.04709182922038006	0.07786383397704659	-0.004157562396987454	0.028782800126197397	-0.0028565247936207195	0.0057425379290154035	0.011124843733741804	-0.013162848002228607	0.005742951846997823	-0.010638745752292268	-0.014361331746701473	0.007687642129131839	-0.004273339197387535	0.008938395199008062	0.007261982118054062	0.01105099293570621	-0.04058450455947618	-0.029814686753712877	-0.0012230223576739521	0.014969093018052562	-0.026879414576754915	-0.07313381792206762	-0.07210418069986481	-0.11213498734442368	-0.1910296648040359	-0.07124160696681785	0.03592348199385932	0.05386573869723817	0.03762004826774339	-0.013482935498780473	-0.030613988350268417	PL17_77unipue	uni	pue	unipue
-0.011574097667288633	-0.06330346871616128	0.10137010519463717	-0.004732151889947693	0.057022400501566595	0.024935525235051444	-0.0032522127433158585	0.0031513961469653616	0.0016325686448732538	0.014915123446337015	0.011886550218320177	0.007385127685406995	-3.330605101974296e-4	-0.02500969008654779	0.003663194106517356	0.04267855980743657	0.016149418998407442	0.021002852847202068	0.019424560808970166	0.01944969469922862	-0.0011176725129607929	0.001146657136706436	6.209452000899443e-5	-0.02113122963247637	-0.05518112856162956	-0.08530656249194088	-0.052386316279444595	0.02393951443268153	-0.035600675160627475	-0.010414914304503649	0.010147463928342478	-0.051225149697162034	PL17_82puepue	pue	pue	puepue
-0.03004757072247922	0.3030229310058114	0.03900062870179609	0.004221427939502291	0.06727143943450689	-0.0028166251480583387	0.003996436052584523	-0.02262640807469956	-0.016809251078781534	0.08244919178879807	-0.0062773530294762655	0.032369612105063575	0.019987668497912125	-0.0076306170168196664	0.002440649275995626	0.10803107820600218	0.01895458461931085	-0.042327323157718456	-0.07859686022183357	-0.057044572891008144	0.023421664787391577	-0.37460118839497947	-0.20115139066583704	0.059382346703112474	0.02256415059086537	-0.018278028003108054	0.07466232498420022	-0.011010064323639261	0.03575391330083082	-0.026759168991851243	0.021760496028932094	-0.0033150971945238926	PL17_85indpue	ind	pue	indpue
-0.008675833273699163	-0.06305044764847145	0.10931170082008684	-0.004326285479144219	0.05920136037186521	0.03998489951851121	-0.015037469901525142	-0.010902929738917449	-0.013754901793028827	0.006220374048949691	0.00901820264085569	0.008593402328841504	0.0011514159206367537	-0.023919506874489547	-0.0018987336116795418	0.06535321956355951	0.0021185826800591188	0.042515522270274005	-0.01592925727071102	-0.004457282032300972	3.3584974761581137e-4	0.007114778754141879	-0.007196779801796395	0.006516813538447139	0.01507772286753059	0.045426228535663825	0.05280212026561067	-0.011010750093212424	-0.0885992633821369	-0.029821388822480976	-0.0017059464943962959	0.024120581237076666	PL17_86chlpue	chl	pue	chlpue
-0.015017113658247223	-0.01877610530824909	-0.10635768454770379	-0.06436262064453004	0.02750168277683862	-0.011189200331851031	0.007391983867966615	0.018350643570567118	0.0031432979853532905	-0.016515305818555398	-0.0135059706585252	0.0016884326869017487	0.001895702008861318	0.024188516548265825	0.002998232331906097	-0.1375475618042841	0.025226428937457003	0.2008274053305136	0.08096132326768209	-0.03073967000091624	-0.012484133998406267	-0.05847656126852545	-0.05336829419816547	-0.038005855935955304	-0.0012779811608829164	-0.008650859462485633	-0.0022312213841863353	0.004884216930660529	0.029274710670701226	-0.031119948764359067	0.016152682506892332	0.00736699933074804	PL17_87nigbel	nig	bel	nigbel
-0.01129685180290282	0.009959526516255656	0.0015771119870036108	-0.010014347354938601	-0.03768791307982158	-2.0267527120190697e-4	0.011439244421033511	0.0124614668541574	0.0011426594334906907	-0.017031968062180183	0.0010521002719420592	-0.0030851996872566312	-0.023173201813814246	0.02365331505262147	0.004395653209342909	-0.09650030316156488	-0.028097391182466357	-0.028795672378579027	0.001220723086345224	0.01022643971043098	0.017482048871372113	0.04340345703811112	0.0653929942632608	-0.013172944840309595	-0.04386094395630407	-0.05468814580693686	0.12700025028346984	0.012659759577272608	0.01898445338903888	-0.10892499404398666	0.08770307848706901	0.17803745568994261	PL17_88abebel	abe	bel	abebel
-0.01463086384657615	-0.002197857277173682	-0.0015004989108116204	-0.04730849768839785	-0.27114303717521565	0.12285109861850521	-0.016558981175825778	-0.008930756150077318	-0.021040948713181483	0.02303282225257621	-0.00900753315993909	0.0061444944610993925	0.015935615326387417	-0.023156515557444166	-0.013998513129191767	0.07040409441466251	-0.007880054050568831	0.021752494144643694	-0.00353393195991029	0.004166942691466184	-0.0038526035243271212	-0.016221989969719405	-0.013840872578255179	-0.014517755429150908	2.3147367414722025e-4	-0.009625109287342146	-0.03206715160063356	0.008320340196593879	-0.006980184438918518	0.009280947501385837	0.019503629487172446	-0.004615940550796545	PL17_89maybel	may	bel	maybel
-0.012719451967707032	0.022389407310579337	-0.0062505176424532145	-0.01369112649396644	-0.02654360769745549	4.569217092375446e-4	-0.009080269748472277	0.0036924644128036054	-0.014860301382654446	0.0031897788614626684	0.0018731711704585764	-0.0033499196160940636	-0.018160963898928253	0.027251239568754578	0.001569994737856804	-0.060218090169568785	0.012036680577114134	-0.010886571431672154	0.014384844380540544	-0.04129639201351923	0.01749915969427305	7.692140331991147e-4	0.015559176216571746	0.07368360602756618	-0.0641225365207106	-0.0811427323235156	0.10746471971719493	-0.02100517515763964	-0.04494346625677716	0.06942579480038687	0.09852209401631437	0.0463544318399525	PL17_90puebel	pue	bel	puebel
-0.012802333046860567	-0.022186384310810017	-0.10657687535936071	-0.06625232483491052	0.03488243887301104	-0.009180716501742394	0.014896511319022792	-0.003973305925496106	-0.011935894922031455	-0.004262845328618719	0.0052088618264441834	-0.011376893865011256	-0.018606530957049536	0.007227074796185877	-0.023898471550545548	-0.171303630156544	0.031225516671657808	0.2706117952443219	0.06875326513370095	-0.04044676608663397	0.035137454739761834	-0.08326302863257296	-0.14327767677183487	-0.02592263846424336	-0.04145219171398365	0.05703218516960812	-0.14261847500298408	0.4897174960953057	-0.15403752608425283	0.5914743190846012	0.08669489340132211	-0.011484798566406188	PL17_91nigbel	nig	bel	nigbel
-0.011992628377613198	-0.015455534517125486	-0.09478553398173202	-0.05995960839577677	0.03321947144305914	-0.02136257437154337	0.00811988206914689	0.006222379223411956	0.0010885607008672535	-0.006507400046661828	-0.005727571194967867	0.003484004193065088	-0.01661348840379124	0.028211795056409354	-0.01160591511100232	-0.15564079363004077	0.019145345025953667	0.17124748950558052	0.039756507282369534	-0.02243293942542958	-0.01750235555841643	-0.03936452982650876	-0.051193092407145833	-0.04569788266797803	-0.023271476463970264	0.014843382986735446	-0.01799212596388635	-0.04225241152316232	-0.00892903598302715	-0.03816308005042461	-0.015365050118067472	-0.11413440408802816	PL17_93nigbel	nig	bel	nigbel
-0.013148127572410762	0.018035593629649165	0.002856760341152276	-0.015774341477210487	-0.02338964819599869	-0.01059241781489114	0.0052342360828250035	0.01486037516779097	-0.007040983094168281	-0.01614958145710322	-0.007161706067100651	-0.008508035090188427	9.342099708489547e-4	0.02089909486742699	-0.002718179920120091	-0.10084466604988597	-0.019800955091357632	-0.059299880919034625	0.007344453138798379	-0.05882654684210181	0.02236844691033527	0.01761484531668865	0.08606078982142162	0.033414592620898846	-0.17020598181331992	-0.24160311959095035	0.3714035108138903	-0.36321477396144247	-0.2097564415649539	0.3512461013590139	-0.29037934347242983	-0.21630986524363585	PL17_94puebel	pue	bel	puebel
-0.016376407290888243	0.004498992143298106	-0.010167874388099508	-0.05138981336306682	-0.27769389951869555	0.12824221332939006	-0.027133971419366347	-0.013802497492630399	-0.024189837384476037	0.014641335384523141	-0.002597473587274027	0.014451370016493931	-0.006541499924263857	-0.021505513990749524	0.0016088988838940696	0.06465058914935826	0.013816155909004599	0.020037188395701584	-0.0038031042786717192	0.004746151931069462	8.863560446887123e-4	0.009357619030705998	-0.018031158163911633	-0.012160305622260668	-0.004345071069329308	0.0260939887964912	-0.00053571082352988535	0.009098688640607798	-0.015174839658801198	0.009303347108823374	-0.003949517321736874	-0.024750989777906744	PL17_95maybel	may	bel	maybel
-0.013134432345986024	-0.01937427151541792	-0.10083246852781881	-0.059555117654725036	0.027849826852899634	-0.002995147314601732	0.002672899032413284	0.011449938004846168	-0.0059658040538006964	-0.009197200414234719	-0.014441044752091488	-0.021159864120752908	-8.395723387226736e-5	0.018157671819358772	-0.015181020015648018	-0.19601699068440825	-0.007371291972687203	0.23601492988965214	0.05580461453501439	-0.0090839415969831	0.027904369898421374	-0.09364309989222218	-0.042098820190675935	-0.01940602673821628	0.006731125152211078	0.04403066942363275	0.03701934244531304	-0.1266458211135128	0.11150311706805231	0.13010779764591723	-0.12760304463053898	0.3440181183548148	PL17_96nigbel	nig	bel	nigbel
-0.030899343147244095	0.2755664281976273	0.019124894593525985	-4.388777988444299e-4	0.042926678294036576	0.0012483858578969532	-0.011741536927503696	0.004000016467467875	-0.008587153614764564	0.017391191987151968	-0.01905557302709572	0.003208439657947595	0.01401154480682767	-0.001540608673150207	-0.0017411615855989532	-0.012592590744872293	2.422005980140586e-4	0.03090605864806904	0.017844787398341708	0.03225548499233763	-0.024714768232634677	0.17522039730972455	0.08825302781132774	-0.05644134254959826	-0.0029380370402570795	0.0242790865443399	-0.05322924882417322	0.002568042911786174	-0.02283892461075146	0.01105258992902814	-0.010465301197334064	0.003683068614392682	PL17_97indbel	ind	bel	indbel
-0.028796656647405185	0.279149494294804	0.027145120882768846	-0.008928027550445868	0.03866903657894532	0.0014132825518426856	-0.01328559670054712	0.0055527722040650054	-0.004749155719130092	0.013883719887391855	-0.01059382282688157	0.00841203867323043	0.0072705154133668164	-0.003445227238926138	-0.008837820552906451	-0.006599519218280927	0.0024475266329954106	0.029812364566864237	0.020324603764502135	0.04157960116489349	-0.01175975681443906	0.17655740337123418	0.08410868140937794	-0.051049117852386965	-0.0035610077735849298	0.008835275203887353	-0.04804043569529978	-0.008509445925978708	-0.02672425905187536	0.004151286919902654	-0.011306355645904648	-0.006175717388135273	PL17_99indbel	ind	bel	indbel